עובר ושב,,,,,,,
"חברה: 516943461 | ד.א. ונוס השקעות בע""מ",,,,,,,
"חשבון: 0100481010 | ד.א. ונוס השקעות בע""מ",,,,,,,
הקודם: 746-0000-00-097571,,,,,,,
N/A,,,,,,,
N/A,,,,,,,
תנועות אחרונות,,,,,,,
N/A,,,,,,,
תאריך,יום ערך,תיאור התנועה,₪ זכות/חובה ,₪ יתרה ,אסמכתה,עמלה,ערוץ ביצוע
2/2/2025,2/2/2025,הע. לימא ארט מדיה בסניף 10-972,"-5,318","6,934.1",548/99719,ערוץ ישיר,אינטרנט
2/2/2025,2/2/2025,ישראכרט,"37,842.19","44,776.29",549      ,ערוץ ישיר,יזום מחשב
2/2/2025,2/2/2025,ישראכרט,269.45,"45,045.74",550      ,ערוץ ישיר,יזום מחשב
2/2/2025,2/2/2025,אמריקן אקס,"4,413.54","49,459.28",551      ,ערוץ ישיר,יזום מחשב
2/2/2025,2/2/2025,ישראכרט ב,"39,086.98","88,546.26",552      ,ערוץ ישיר,יזום מחשב
2/2/2025,2/2/2025,ישראכרט ב,262.82,"88,809.08",553      ,ערוץ ישיר,יזום מחשב
2/3/2025,2/3/2025,הע. להדר כהן בסניף 11-111,-234.5,"88,574.58",554/99719,ערוץ ישיר,אינטרנט
2/3/2025,1/31/2025,"עמלת מסלול מורחב-מט""י",-26.5,"88,548.08",555      ,,סניף
2/5/2025,2/5/2025,הע. לאיתי קדם צלם בסניף 11-095,"-3,540","85,008.08",556/99719,ערוץ ישיר,אינטרנט
2/5/2025,2/5/2025,העברה מסיטיבנק אירופה חשבון 22-001-0000-300313019 /BNK/1040070721414 PAY,"16,019","101,027.08",557      ,ערוץ ישיר,יזום מחשב
2/5/2025,2/5/2025,ישראכרט,5.59,"101,032.67",558      ,ערוץ ישיר,יזום מחשב
2/5/2025,2/5/2025,ישראכרט ב,156.75,"101,189.42",559      ,ערוץ ישיר,יזום מחשב
2/6/2025,2/6/2025,הע. להילה בסניף 10-952,"-1,794.68","99,394.74",560/99719,ערוץ ישיר,אינטרנט
2/6/2025,2/6/2025,הע. לאביב בן סימון בסניף 10-998,"-1,000","98,394.74",561/99719,ערוץ ישיר,אינטרנט
2/6/2025,2/6/2025,הע. ליוראי גד תלמי בסניף 31-021,-28.62,"98,366.12",562/99719,ערוץ ישיר,אינטרנט
2/6/2025,2/6/2025,הע. להדר כהן בסניף 11-111,-118.08,"98,248.04",563/99719,ערוץ ישיר,אינטרנט
2/6/2025,2/6/2025,הע. לק אקספרס בסניף 20-552,"-13,707","84,541.04",564/99719,ערוץ ישיר,אינטרנט
2/6/2025,2/6/2025,"העברה לד.א. ונוס השקעות בע""מ","-60,000","24,541.04",565/99719,,אינטרנט
2/6/2025,2/6/2025,"עמלת חליפין כנגד ח-ן מט""י",-71.38,"24,469.66",566/99719,,אינטרנט
2/6/2025,2/6/2025,העברה מא.ר.י אופנה שיוו חשבון 20-433-0000-000048497 גמר חשבון,"3,166","27,635.66",567      ,ערוץ ישיר,יזום מחשב
2/6/2025,2/6/2025,העברה מא.ר.י אופנה שיוו חשבון 20-433-0000-000048497 גמר חשבון,579,"28,214.66",568      ,ערוץ ישיר,יזום מחשב
2/6/2025,2/6/2025,ישראכרט ב,303.33,"28,517.99",569      ,ערוץ ישיר,יזום מחשב
2/7/2025,2/7/2025,ישראכרט,166.6,"28,684.59",570      ,ערוץ ישיר,יזום מחשב
2/9/2025,2/9/2025,העברה לישי אזולאי בנק 11 ל 11-065-0151960773,"-6,000","22,684.59",571/99719,,אינטרנט
2/9/2025,2/9/2025,גרואו פיימ,"23,720.6","46,405.19",572      ,ערוץ ישיר,יזום מחשב
2/10/2025,2/10/2025,הע. לחנן בן יוסף בסניף 11-535,-994,"45,411.19",573/99719,ערוץ ישיר,אינטרנט
2/10/2025,2/11/2025,הע. לגורן רואי חשב בסניף 20-576,"-2,360","43,051.19",574/99719,ערוץ ישיר,אינטרנט
2/10/2025,2/11/2025,הע. לנפתלי מחסן בסניף 11-109,-700,"42,351.19",575/99719,ערוץ ישיר,אינטרנט
2/10/2025,2/10/2025,ישראכרט,372.64,"42,723.83",576      ,ערוץ ישיר,יזום מחשב
2/12/2025,2/12/2025,ישראכרט,107.45,"42,831.28",577      ,ערוץ ישיר,יזום מחשב
2/12/2025,2/12/2025,ישראכרט ב,765.01,"43,596.29",578      ,ערוץ ישיר,יזום מחשב
2/13/2025,2/13/2025,ישראכרט,342.09,"43,938.38",579      ,ערוץ ישיר,יזום מחשב
2/13/2025,2/13/2025,ישראכרט ב,304.62,"44,243",580      ,ערוץ ישיר,יזום מחשב
2/14/2025,2/14/2025,ישראכרט ב,293.88,"44,536.88",581      ,ערוץ ישיר,יזום מחשב
2/16/2025,2/16/2025,חיוב לכרטיס ויזה 4150,"-9,036.61","35,500.27",582      ,ערוץ ישיר,סניף
2/16/2025,2/16/2025,חיוב לכרטיס ויזה 9710,-19.8,"35,480.47",583      ,ערוץ ישיר,סניף
2/16/2025,2/16/2025,ישראכרט,304.62,"35,785.09",584      ,ערוץ ישיר,יזום מחשב
2/16/2025,2/16/2025,ישראכרט ב,603.33,"36,388.42",585      ,ערוץ ישיר,יזום מחשב
2/17/2025,2/17/2025,ישראכרט ב,166.6,"36,555.02",586      ,ערוץ ישיר,יזום מחשב
2/19/2025,2/19/2025,ישראכרט,304.62,"36,859.64",587      ,ערוץ ישיר,יזום מחשב
2/20/2025,2/20/2025,"הפקדה לפיקדון הו""ק ל-5 שנים","-1,000","35,859.64",588      ,,יזום מחשב
2/20/2025,2/20/2025,סוסנה און,"6,435","42,294.64",589      ,ערוץ ישיר,יזום מחשב
2/20/2025,2/20/2025,ישראכרט,980.99,"43,275.63",590      ,ערוץ ישיר,יזום מחשב
2/21/2025,2/21/2025,ישראכרט,166.6,"43,442.23",591      ,ערוץ ישיר,יזום מחשב
2/24/2025,2/24/2025,ישראכרט,166.6,"43,608.83",592      ,ערוץ ישיר,יזום מחשב
2/26/2025,2/26/2025,ישראכרט,602.44,"44,211.27",593      ,ערוץ ישיר,יזום מחשב
2/26/2025,2/26/2025,העברה מקומה פארם יזמות חשבון 12-727-0005-000033097,"3,581","47,792.27",594      ,ערוץ ישיר,יזום מחשב
2/27/2025,2/27/2025,ישראכרט,149.94,"47,942.21",595      ,ערוץ ישיר,יזום מחשב
2/27/2025,2/27/2025,ישראכרט ב,227.72,"48,169.93",596      ,ערוץ ישיר,יזום מחשב
2/28/2025,2/28/2025,ישראכרט,149.94,"48,319.87",597      ,ערוץ ישיר,יזום מחשב
3/2/2025,3/2/2025,עמלת העברה/הפקדה לבנק אחר,-22.5,"48,297.37",598/99719,,אינטרנט
3/2/2025,3/2/2025,הע. לאביב בן סימון בסניף 10-998,"-2,018.69","46,278.68",599/99719,,אינטרנט
3/2/2025,3/2/2025,עמלת העברה/הפקדה לבנק אחר,-22.5,"46,256.18",600/99719,,אינטרנט
3/2/2025,3/2/2025,הע. להילה בסניף 10-952,"-1,658","44,598.18",601/99719,,אינטרנט
3/2/2025,3/2/2025,עמלת העברה בבנק מח-ן עסקי,-10.5,"44,587.68",602/99719,,אינטרנט
3/2/2025,3/2/2025,הע. לאיתי קדם צלם בסניף 11-095,"-3,540","41,047.68",603/99719,,אינטרנט
3/2/2025,3/3/2025,עמלת העברה/הפקדה לבנק אחר,-22.5,"41,025.18",604/99719,,אינטרנט
3/2/2025,3/3/2025,הע. לאדם ישראלסתם בסניף 10-942,"-7,080","33,945.18",605/99719,,אינטרנט
3/2/2025,3/3/2025,עמלת העברה בבנק מח-ן עסקי,-10.5,"33,934.68",606/99719,,אינטרנט
3/2/2025,3/3/2025,הע. לישי אזולאי בסניף 11-065,"-6,000","27,934.68",607/99719,,אינטרנט
3/2/2025,3/2/2025,ישראכרט,"24,391.46","52,326.14",608      ,,יזום מחשב
3/2/2025,3/2/2025,אמריקן אקס,"1,555.76","53,881.9",609      ,,יזום מחשב
3/2/2025,3/2/2025,ישראכרט ב,"25,214.28","79,096.18",610      ,,יזום מחשב
3/3/2025,3/3/2025,"עמלת מסלול מורחב-מט""י",-26.5,"79,069.68",611      ,,סניף
3/3/2025,3/3/2025,העברה מאלון מסיקה חשבון 10-998-0330-035280630 החזר כספי,"2,596","81,665.68",612      ,,יזום מחשב
3/3/2025,3/3/2025,העברה מסיטיבנק אירופה חשבון 22-001-0000-300313019 /BNK/1040627683972 PAY,"11,629","93,294.68",613      ,,יזום מחשב
3/3/2025,3/3/2025,ישראכרט,354.01,"93,648.69",614      ,,יזום מחשב
3/3/2025,3/3/2025,ישראכרט ב,166.6,"93,815.29",615      ,,יזום מחשב
3/4/2025,3/4/2025,עמלת העברה/הפקדה לבנק אחר,-22.5,"93,792.79",616/99719,,אינטרנט
3/4/2025,3/4/2025,הע. לבועז בן לולו בסניף 10-998,-150,"93,642.79",617/99719,,אינטרנט
3/4/2025,3/4/2025,עמלת העברה/הפקדה לבנק אחר,-22.5,"93,620.29",618/99719,,אינטרנט
3/4/2025,3/4/2025,הע. לילאי שערבני בסניף 10-940,"-2,700","90,920.29",619/99719,,אינטרנט
3/5/2025,3/5/2025,ישראכרט,166.6,"91,086.89",620      ,,יזום מחשב
3/6/2025,3/7/2025,עמלת העברה/הפקדה לבנק אחר,-22.5,"91,064.39",621/99719,,אינטרנט
3/6/2025,3/7/2025,הע. לק אקספרס בסניף 20-552,"-9,828","81,236.39",622/99719,,אינטרנט
3/6/2025,3/6/2025,ישראכרט,225.75,"81,462.14",623      ,,יזום מחשב
3/9/2025,3/9/2025,עמלת העברה בבנק מח-ן עסקי,-10.5,"81,451.64",624/99719,,אינטרנט
3/9/2025,3/9/2025,הע. לחנן בן יוסף בסניף 11-535,-418,"81,033.64",625/99719,,אינטרנט
3/9/2025,3/9/2025,עמלת העברה בבנק מח-ן עסקי,-10.5,"81,023.14",626/99719,,אינטרנט
3/9/2025,3/9/2025,הע. לנפתלי מחסן בסניף 11-109,-200,"80,823.14",627/99719,,אינטרנט
3/9/2025,3/9/2025,גרואו פיימ,"14,159.43","94,982.57",628      ,,יזום מחשב
3/10/2025,3/10/2025,עמלת העברה/הפקדה לבנק אחר,-22.5,"94,960.07",629/99719,,אינטרנט
3/10/2025,3/10/2025,הע. ליוראי גד תלמי בסניף 31-021,-57.24,"94,902.83",630/99719,,אינטרנט
3/10/2025,3/10/2025,ישראכרט,166.6,"95,069.43",631      ,,יזום מחשב
3/12/2025,3/12/2025,עמלת העברה/הפקדה לבנק אחר,-22.5,"95,046.93",632/99719,,אינטרנט
3/12/2025,3/12/2025,הע. לימא ארט מדיה בסניף 10-972,"-2,280","92,766.93",633/99719,,אינטרנט
3/13/2025,3/13/2025,ישראכרט,304.62,"93,071.55",634      ,,יזום מחשב
3/16/2025,3/16/2025,חיוב לכרטיס ויזה 4150,"-15,552.08","77,519.47",635      ,,סניף
3/16/2025,3/16/2025,חיוב לכרטיס ויזה 9710,-19.8,"77,499.67",636      ,,סניף
3/16/2025,3/16/2025,ישראכרט ב,"1,263.06","78,762.73",637      ,,יזום מחשב
3/16/2025,3/16/2025,ישראכרט,"1,329.65","80,092.38",638      ,,יזום מחשב
3/17/2025,3/17/2025,"העברה לד.א. ונוס השקעות בע""מ","-50,000","30,092.38",639/99719,,אינטרנט
3/17/2025,3/17/2025,"עמלת חליפין כנגד ח-ן מט""י",-66.52,"30,025.86",640/99719,,אינטרנט
3/17/2025,3/17/2025,עמלת העברה/הפקדה לבנק אחר,-22.5,"30,003.36",641/99719,,אינטרנט
3/17/2025,3/17/2025,הע. לליהי ברכה בסניף 12-653,-500,"29,503.36",642/99719,,אינטרנט
3/18/2025,3/18/2025,עמלת העברה/הפקדה לבנק אחר,-22.5,"29,480.86",643/99719,,אינטרנט
3/18/2025,3/18/2025,הע. לחן מנסור בסניף 14-369,-350,"29,130.86",644/99719,,אינטרנט
3/19/2025,3/19/2025,ישראכרט,450.52,"29,581.38",645      ,,יזום מחשב
3/20/2025,3/20/2025,"הפקדה לפיקדון הו""ק ל-5 שנים","-1,000","28,581.38",646      ,,יזום מחשב
3/20/2025,3/20/2025,ישראכרט,185.33,"28,766.71",647      ,,יזום מחשב
3/21/2025,3/21/2025,ישראכרט,185.33,"28,952.04",648      ,,יזום מחשב
3/23/2025,3/23/2025,"העברה לד.א. ונוס השקעות בע""מ","-26,000","2,952.04",649/99719,,אינטרנט
3/23/2025,3/23/2025,"עמלת חליפין כנגד ח-ן מט""י",-34.57,"2,917.47",650/99719,,אינטרנט
3/23/2025,3/23/2025,ישראכרט,479.11,"3,396.58",651      ,,יזום מחשב
3/23/2025,3/23/2025,ישראכרט ב,265.19,"3,661.77",652      ,,יזום מחשב
3/24/2025,3/24/2025,העברה מסיטיבנק אירופה חשבון 22-001-0000-300313019 /BNK/1041068068752 PAY,"18,456","22,117.77",653      ,,יזום מחשב
3/25/2025,3/25/2025,הע לבעמ ימא ארט מד בסניף 10-972,"-10,148","11,969.77",654/83   ,,סניף
3/25/2025,3/25/2025,עמלת העברה/הפקדה לבנק אחר,-22.5,"11,947.27",655/99   ,,אינטרנט
3/25/2025,3/25/2025,עמלת העברה/הפקדה לבנק אחר,-22.5,"11,924.77",656/99719,,אינטרנט
3/25/2025,3/25/2025,הע. לאדם ישראלסתם בסניף 10-942,"-8,260","3,664.77",657/99719,,אינטרנט
3/26/2025,3/26/2025,ישראכרט,546.17,"4,210.94",658      ,,יזום מחשב
3/26/2025,3/26/2025,ישראכרט ב,803.45,"5,014.39",659      ,,יזום מחשב
3/27/2025,3/27/2025,ישראכרט,"38,878.25","43,892.64",660      ,,יזום מחשב
3/27/2025,3/27/2025,אמריקן אקס,"5,226","49,118.64",661      ,,יזום מחשב
3/27/2025,3/27/2025,ישראכרט ב,"32,631.56","81,750.2",662      ,,יזום מחשב
3/30/2025,3/30/2025,ישראכרט,"1,249.08","82,999.28",663      ,,יזום מחשב
3/30/2025,3/30/2025,ישראכרט ב,"1,024.47","84,023.75",664      ,,יזום מחשב
3/31/2025,3/31/2025,ישראכרט,370.67,"84,394.42",665      ,,יזום מחשב
3/31/2025,3/31/2025,ישראכרט ב,"1,433.4","85,827.82",666      ,,יזום מחשב
4/1/2025,4/1/2025,ד.נ לתקופה 30/06/25-01/04/25,-258,"85,569.82",667      ,,יזום מחשב
4/1/2025,3/31/2025,"עמלת רישום פעולה במט""י",-75,"85,494.82",668      ,,יזום מחשב
4/1/2025,4/1/2025,תשלום שוברי גביה,"-17,217","68,277.82",669/99719,,אינטרנט
4/2/2025,4/2/2025,ישראכרט,"15,716.41","83,994.23",670      ,,יזום מחשב
4/2/2025,4/2/2025,ישראכרט,776.5,"84,770.73",671      ,,יזום מחשב
4/2/2025,4/2/2025,אמריקן אקס,"1,577.75","86,348.48",672      ,,יזום מחשב
4/2/2025,4/2/2025,ישראכרט ב,"13,603.29","99,951.77",673      ,,יזום מחשב
4/2/2025,4/2/2025,ישראכרט ב,48.85,"100,000.62",674      ,,יזום מחשב
4/3/2025,4/3/2025,ישראכרט,9.96,"100,010.58",675      ,,יזום מחשב
4/3/2025,4/3/2025,ישראכרט ב,283.92,"100,294.5",676      ,,יזום מחשב
4/4/2025,4/4/2025,ישראכרט,883.3,"101,177.8",677      ,,יזום מחשב
4/6/2025,4/6/2025,עמלת העברה/הפקדה לבנק אחר,-22.5,"101,155.3",678/99719,,אינטרנט
4/6/2025,4/6/2025,הע. להילה בסניף 10-952,"-2,300","98,855.3",679/99719,,אינטרנט
4/6/2025,4/6/2025,עמלת העברה/הפקדה לבנק אחר,-22.5,"98,832.8",680/99719,,אינטרנט
4/6/2025,4/6/2025,הע. לילאי שערבני בסניף 10-940,"-2,700","96,132.8",681/99719,,אינטרנט
4/6/2025,4/6/2025,עמלת העברה/הפקדה לבנק אחר,-22.5,"96,110.3",682/99719,,אינטרנט
4/6/2025,4/6/2025,הע. לאביב בן סימון בסניף 10-998,"-3,233.88","92,876.42",683/99719,,אינטרנט
4/6/2025,4/6/2025,עמלת העברה/הפקדה לבנק אחר,-22.5,"92,853.92",684/99719,,אינטרנט
4/6/2025,4/6/2025,הע. ליוראי גד תלמי בסניף 31-021,-57.24,"92,796.68",685/99719,,אינטרנט
4/6/2025,4/6/2025,עמלת העברה/הפקדה לבנק אחר,-22.5,"92,774.18",686/99719,,אינטרנט
4/6/2025,4/6/2025,הע. ללינוי דאודי בסניף 10-851,-300,"92,474.18",687/99719,,אינטרנט
4/6/2025,4/6/2025,עמלת העברה בבנק מח-ן עסקי,-10.5,"92,463.68",688/99719,,אינטרנט
4/6/2025,4/6/2025,הע. לישי אזולאי בסניף 11-065,"-6,000","86,463.68",689/99719,,אינטרנט
4/6/2025,4/6/2025,עמלת העברה/הפקדה לבנק אחר,-22.5,"86,441.18",690/99719,,אינטרנט
4/6/2025,4/6/2025,הע. לנועה אביטל בסניף 31-029,-400,"86,041.18",691/99719,,אינטרנט
4/6/2025,4/6/2025,עמלת העברה/הפקדה לבנק אחר,-22.5,"86,018.68",692/99719,,אינטרנט
4/6/2025,4/6/2025,הע. לאוריין כהן בסניף 10-858,-350,"85,668.68",693/99719,,אינטרנט
4/6/2025,4/6/2025,עמלת העברה בבנק מח-ן עסקי,-10.5,"85,658.18",694/99719,,אינטרנט
4/6/2025,4/6/2025,הע. להדר כהן בסניף 11-111,-213,"85,445.18",695/99719,,אינטרנט
4/6/2025,4/6/2025,ישראכרט,553.6,"85,998.78",696      ,,יזום מחשב
4/6/2025,4/6/2025,ישראכרט ב,185.33,"86,184.11",697      ,,יזום מחשב
4/7/2025,4/7/2025,"העברה לד.א. ונוס השקעות בע""מ","-30,000","56,184.11",698/99719,,אינטרנט
4/7/2025,4/7/2025,"עמלת חליפין כנגד ח-ן מט""י",-39.88,"56,144.23",699/99719,,אינטרנט
4/7/2025,4/7/2025,עמלת העברה בבנק מח-ן עסקי,-10.5,"56,133.73",700/99719,,אינטרנט
4/7/2025,4/7/2025,הע. לשילת יתח בסניף 11-090,-400,"55,733.73",701/99719,,אינטרנט
4/7/2025,4/7/2025,עמלת העברה/הפקדה לבנק אחר,-22.5,"55,711.23",702/99719,,אינטרנט
4/7/2025,4/7/2025,הע. לסמדר גבסו בסניף 12-582,-791,"54,920.23",703/99719,,אינטרנט
4/7/2025,4/7/2025,העברה מסיטיבנק אירופה חשבון 22-001-0000-300313019 /BNK/1041379782659 PAY,"20,000","74,920.23",704      ,,יזום מחשב
4/9/2025,4/9/2025,עמלת העברה/הפקדה לבנק אחר,-22.5,"74,897.73",705/99719,,אינטרנט
4/9/2025,4/9/2025,הע. לויקטור ז אדן בסניף 18-001,"-15,600","59,297.73",706/99719,,אינטרנט
4/9/2025,4/9/2025,גרואו פיימ,"28,557.36","87,855.09",707      ,,יזום מחשב
4/9/2025,4/9/2025,ישראכרט ב,"1,016.39","88,871.48",708      ,,יזום מחשב
4/10/2025,4/11/2025,עמלת העברה בבנק מח-ן עסקי,-10.5,"88,860.98",709/99719,,אינטרנט
4/10/2025,4/11/2025,הע. לחנן בן יוסף בסניף 11-535,-207,"88,653.98",710/99719,,אינטרנט
4/10/2025,4/10/2025,ישראכרט,709.18,"89,363.16",711      ,,יזום מחשב
4/11/2025,4/14/2025,עמלת העברה/הפקדה לבנק אחר,-22.5,"89,340.66",712/99719,,אינטרנט
4/11/2025,4/14/2025,הע. לק אקספרס בסניף 20-552,"-18,790","70,550.66",713/99719,,אינטרנט
4/11/2025,4/11/2025,ישראכרט ב,393.35,"70,944.01",714      ,,יזום מחשב
4/14/2025,4/14/2025,עמלת העברה/הפקדה לבנק אחר,-22.5,"70,921.51",715/99719,,אינטרנט
4/14/2025,4/14/2025,הע. ליואל גורן בסניף 20-576,"-2,360","68,561.51",716/99719,,אינטרנט
4/14/2025,4/14/2025,ישראכרט,"2,945.87","71,507.38",717      ,,יזום מחשב
4/14/2025,4/14/2025,ישראכרט ב,"1,273.46","72,780.84",718      ,,יזום מחשב
4/15/2025,4/15/2025,חיוב לכרטיס ויזה 4150,"-6,230.47","66,550.37",719      ,,סניף
4/15/2025,4/15/2025,חיוב לכרטיס ויזה 4176,-19.8,"66,530.57",720      ,,סניף
4/15/2025,4/15/2025,חיוב לכרטיס ויזה 9710,-19.8,"66,510.77",721      ,,סניף
4/17/2025,4/17/2025,ישראכרט,"1,196.79","67,707.56",722      ,,יזום מחשב
4/17/2025,4/17/2025,ישראכרט ב,185.33,"67,892.89",723      ,,יזום מחשב
4/18/2025,4/18/2025,ישראכרט,185.33,"68,078.22",724      ,,יזום מחשב
4/20/2025,4/20/2025,עמלת העברה/הפקדה לבנק אחר,-22.5,"68,055.72",725/99719,,אינטרנט
4/20/2025,4/20/2025,הע. לאוריין כהן בסניף 10-858,-350,"67,705.72",726/99719,,אינטרנט
4/20/2025,4/20/2025,"הפקדה לפיקדון הו""ק ל-5 שנים","-1,000","66,705.72",727      ,,יזום מחשב
4/20/2025,4/20/2025,ישראכרט,437.26,"67,142.98",728      ,,יזום מחשב
4/20/2025,4/20/2025,ישראכרט ב,233.65,"67,376.63",729      ,,יזום מחשב
4/21/2025,4/21/2025,ישראכרט,313.49,"67,690.12",730      ,,יזום מחשב
4/21/2025,4/21/2025,ישראכרט ב,283.92,"67,974.04",731      ,,יזום מחשב
4/23/2025,4/23/2025,ישראכרט,283.92,"68,257.96",732      ,,יזום מחשב
4/23/2025,4/23/2025,ישראכרט ב,360.8,"68,618.76",733      ,,יזום מחשב
4/24/2025,4/24/2025,עמלת העברה/הפקדה לבנק אחר,-22.5,"68,596.26",734/99719,,אינטרנט
4/24/2025,4/24/2025,הע. לידידיה פועלים בסניף 12-694,"-20,000","48,596.26",735/99719,,אינטרנט
4/24/2025,4/24/2025,"העברה לד.א. ונוס השקעות בע""מ","-35,000","13,596.26",736/99719,,אינטרנט
4/24/2025,4/24/2025,"עמלת חליפין כנגד ח-ן מט""י",-46.55,"13,549.71",737/99719,,אינטרנט
4/24/2025,4/24/2025,ישראכרט ב,393.35,"13,943.06",738      ,,יזום מחשב
4/25/2025,4/25/2025,ישראכרט ב,424.01,"14,367.07",739      ,,יזום מחשב
4/27/2025,4/27/2025,ישראכרט ב,609.24,"14,976.31",740      ,,יזום מחשב
4/28/2025,4/28/2025,עמלת העברה/הפקדה לבנק אחר,-22.5,"14,953.81",741/99719,,אינטרנט
4/28/2025,4/28/2025,הע. לבנימין גיגי בסניף 10-998,-825,"14,128.81",742/99719,,אינטרנט
4/29/2025,4/29/2025,מס הכנסה נ חיוב,-187,"13,941.81",743      ,,יזום מחשב
4/30/2025,4/30/2025,ישראכרט,"2,109.99","16,051.8",744      ,,יזום מחשב
4/30/2025,4/30/2025,ישראכרט ב,"1,243.63","17,295.43",745      ,,יזום מחשב
5/2/2025,4/30/2025,"עמלת רישום פעולה במט""י",-85.5,"17,209.93",746      ,,יזום מחשב
5/2/2025,5/2/2025,"הפקדה לפיקדון פר""ן עיקולים","-8,825","8,384.93",747/45607,,סניף
5/2/2025,5/2/2025,ישראכרט,"49,764.86","58,149.79",748      ,,יזום מחשב
5/2/2025,5/2/2025,ישראכרט,"1,008.28","59,158.07",749      ,,יזום מחשב
5/2/2025,5/2/2025,אמריקן אקס,"3,058.28","62,216.35",750      ,,יזום מחשב
5/2/2025,5/2/2025,ישראכרט ב,"56,443.2","118,659.55",751      ,,יזום מחשב
5/4/2025,5/4/2025,ישראכרט,843.87,"119,503.42",752      ,,יזום מחשב
5/4/2025,5/4/2025,ישראכרט ב,373.63,"119,877.05",753      ,,יזום מחשב
5/4/2025,5/4/2025,ישראכרט ב,148.82,"120,025.87",754      ,,יזום מחשב
5/5/2025,5/5/2025,ישראכרט,20.93,"120,046.8",755      ,,יזום מחשב
5/5/2025,5/5/2025,ישראכרט,6.61,"120,053.41",756      ,,יזום מחשב
5/5/2025,5/5/2025,ישראכרט ב,703.89,"120,757.3",757      ,,יזום מחשב
5/7/2025,5/7/2025,ישראכרט,345.04,"121,102.34",758      ,,יזום מחשב
5/7/2025,5/7/2025,ישראכרט ב,283.92,"121,386.26",759      ,,יזום מחשב
5/8/2025,5/8/2025,עמלת העברה/הפקדה לבנק אחר,-22.5,"121,363.76",760/99719,,אינטרנט
5/8/2025,5/8/2025,הע. לק אקספרס בסניף 20-552,"-21,897","99,466.76",761/99719,,אינטרנט
5/8/2025,5/8/2025,עמלת העברה/הפקדה לבנק אחר,-22.5,"99,444.26",762/99719,,אינטרנט
5/8/2025,5/8/2025,הע. לסמדר גבסו בסניף 12-582,-934.46,"98,509.8",763/99719,,אינטרנט
5/8/2025,5/8/2025,עמלת העברה/הפקדה לבנק אחר,-22.5,"98,487.3",764/99719,,אינטרנט
5/8/2025,5/8/2025,הע. להילה בסניף 10-952,"-2,059","96,428.3",765/99719,,אינטרנט
5/8/2025,5/8/2025,עמלת העברה/הפקדה לבנק אחר,-22.5,"96,405.8",766/99719,,אינטרנט
5/8/2025,5/8/2025,הע. לאביב בן סימון בסניף 10-998,"-2,663.03","93,742.77",767/99719,,אינטרנט
5/8/2025,5/8/2025,עמלת העברה/הפקדה לבנק אחר,-22.5,"93,720.27",768/99719,,אינטרנט
5/8/2025,5/8/2025,הע. לעינת דוכן בסניף 10-940,-400,"93,320.27",769/99719,,אינטרנט
5/8/2025,5/8/2025,עמלת העברה/הפקדה לבנק אחר,-22.5,"93,297.77",770/99719,,אינטרנט
5/8/2025,5/8/2025,הע. ללירן ארנולדס בסניף 10-897,-90.18,"93,207.59",771/99719,,אינטרנט
5/8/2025,5/8/2025,עמלת העברה בבנק מח-ן עסקי,-10.5,"93,197.09",772/99719,,אינטרנט
5/8/2025,5/8/2025,הע. לישי אזולאי בסניף 11-065,"-6,000","87,197.09",773/99719,,אינטרנט
5/9/2025,5/9/2025,גרואו פיימ,"29,754.47","116,951.56",774      ,,יזום מחשב
5/9/2025,5/9/2025,העברה מסיטיבנק אירופה חשבון 22-001-0000-300313019 /BNK/1042065511723 PAY,"30,000","146,951.56",775      ,,יזום מחשב
5/9/2025,5/9/2025,ישראכרט,297.82,"147,249.38",776      ,,יזום מחשב
5/9/2025,5/9/2025,ישראכרט ב,120.82,"147,370.2",777      ,,יזום מחשב
5/11/2025,5/11/2025,החזר עמלה,258,"147,628.2",778/29   ,,סניף
5/11/2025,5/11/2025,ישראכרט,450.52,"148,078.72",779      ,,יזום מחשב
5/11/2025,5/11/2025,ישראכרט ב,270.67,"148,349.39",780      ,,יזום מחשב
5/11/2025,5/11/2025,מימוש עיקול ב.לאומי ירושלים,"-8,825","139,524.39",781      ,,סניף
5/12/2025,5/12/2025,"העברה לד.א. ונוס השקעות בע""מ","-70,000","69,524.39",782/99719,,אינטרנט
5/12/2025,5/12/2025,"עמלת חליפין כנגד ח-ן מט""י",-79.8,"69,444.59",783/99719,,אינטרנט
5/12/2025,5/12/2025,עמלת העברה/הפקדה לבנק אחר,-22.5,"69,422.09",784/99719,,אינטרנט
5/12/2025,5/12/2025,הע. לידידיה פועלים בסניף 12-694,"-11,211.2","58,210.89",785/99719,,אינטרנט
5/12/2025,5/12/2025,עמלת העברה/הפקדה לבנק אחר,-22.5,"58,188.39",786/99719,,אינטרנט
5/12/2025,5/12/2025,הע. לילאי שערבני בסניף 10-940,"-2,900","55,288.39",787/99719,,אינטרנט
5/12/2025,5/12/2025,ישראכרט,265.19,"55,553.58",788      ,,יזום מחשב
5/12/2025,5/12/2025,ישראכרט ב,265.19,"55,818.77",789      ,,יזום מחשב
5/12/2025,5/12/2025,ביטוח לאומ חיוב,"-9,131","46,687.77",790      ,,יזום מחשב
5/13/2025,5/13/2025,עמלת העברה/הפקדה לבנק אחר,-22.5,"46,665.27",791/99719,,אינטרנט
5/13/2025,5/13/2025,הע. למירב ישראלי בסניף 31-024,-728.41,"45,936.86",792/99719,,אינטרנט
5/14/2025,5/14/2025,ישראכרט,668.55,"46,605.41",793      ,,יזום מחשב
5/15/2025,5/11/2025,"משיכה מפיקדון פר""ן עיקולים","8,825","55,430.41",794/52607,,סניף
5/15/2025,5/11/2025,רווח ממשיכה מפיקדון,2.28,"55,432.69",795/52607,,סניף
5/15/2025,5/11/2025,תשלום מס על רווח מפיקדון שנמשך,-0.52,"55,432.17",796/52607,,סניף
5/15/2025,5/15/2025,חיוב לכרטיס ויזה 4150,"-9,206.58","46,225.59",797      ,,סניף
5/15/2025,5/15/2025,חיוב לכרטיס ויזה 4176,-19.8,"46,205.79",798      ,,סניף
5/15/2025,5/15/2025,חיוב לכרטיס ויזה 9710,-19.8,"46,185.99",799      ,,סניף
5/15/2025,5/15/2025,ישראכרט,335.28,"46,521.27",800      ,,יזום מחשב
5/15/2025,5/15/2025,ישראכרט ב,"1,102.7","47,623.97",801      ,,יזום מחשב
5/16/2025,5/16/2025,ישראכרט,610.34,"48,234.31",802      ,,יזום מחשב
5/16/2025,5/16/2025,ישראכרט ב,166.6,"48,400.91",803      ,,יזום מחשב
5/18/2025,5/19/2025,עמלת העברה/הפקדה לבנק אחר,-22.5,"48,378.41",804/99719,,אינטרנט
5/18/2025,5/19/2025,הע. לאדם ישראלסתם בסניף 10-942,"-8,260","40,118.41",805/99719,,אינטרנט
5/18/2025,5/18/2025,ישראכרט,283.92,"40,402.33",806      ,,יזום מחשב
5/18/2025,5/18/2025,ישראכרט,192.59,"40,594.92",807      ,,יזום מחשב
5/19/2025,5/19/2025,ישראכרט,558.96,"41,153.88",808      ,,יזום מחשב
5/20/2025,5/20/2025,"הפקדה לפיקדון הו""ק ל-5 שנים","-1,000","40,153.88",809      ,,יזום מחשב
5/20/2025,5/20/2025,ישראכרט ב,298.71,"40,452.59",810      ,,יזום מחשב
5/20/2025,5/20/2025,מס הכנסה נ חיוב,-367,"40,085.59",811      ,,יזום מחשב
5/21/2025,5/21/2025,ישראכרט,567.84,"40,653.43",812      ,,יזום מחשב
5/21/2025,5/21/2025,ישראכרט ב,235.61,"40,889.04",813      ,,יזום מחשב
5/22/2025,5/22/2025,העברה מקומה פארם יזמות חשבון 12-727-0005-000033097,"3,581","44,470.04",814      ,,יזום מחשב
5/22/2025,5/22/2025,העברה מבית מרקחת שמשון חשבון 20-530-0000-000151912 עח עסקה תוסף למה לי,"2,600","47,070.04",815      ,,יזום מחשב
5/22/2025,5/22/2025,ישראכרט,283.92,"47,353.96",816      ,,יזום מחשב
5/22/2025,5/22/2025,ישראכרט,196.18,"47,550.14",817      ,,יזום מחשב
5/23/2025,5/23/2025,ישראכרט,246.66,"47,796.8",818      ,,יזום מחשב
5/23/2025,5/23/2025,ישראכרט ב,185.33,"47,982.13",819      ,,יזום מחשב
5/25/2025,5/25/2025,ישראכרט,588.53,"48,570.66",820      ,,יזום מחשב
5/25/2025,5/25/2025,ישראכרט ב,312.52,"48,883.18",821      ,,יזום מחשב
5/30/2025,5/30/2025,ישראכרט,570.36,"49,453.54",822      ,,יזום מחשב
5/30/2025,5/30/2025,ישראכרט ב,530.38,"49,983.92",823      ,,יזום מחשב
6/1/2025,5/30/2025,"עמלת רישום פעולה במט""י",-91.5,"49,892.42",824      ,,יזום מחשב
6/1/2025,6/1/2025,ישראכרט ב,156.75,"50,049.17",825      ,ערוץ ישיר,יזום מחשב
6/3/2025,6/3/2025,ישראכרט,"41,396.5","91,445.67",826      ,ערוץ ישיר,יזום מחשב
6/3/2025,6/3/2025,ישראכרט,865.35,"92,311.02",827      ,ערוץ ישיר,יזום מחשב
6/3/2025,6/3/2025,אמריקן אקס,"3,677.1","95,988.12",828      ,ערוץ ישיר,יזום מחשב
6/3/2025,6/3/2025,ישראכרט ב,"41,874.79","137,862.91",829      ,ערוץ ישיר,יזום מחשב
6/3/2025,6/3/2025,ישראכרט ב,137.03,"137,999.94",830      ,ערוץ ישיר,יזום מחשב
6/4/2025,6/4/2025,ישראכרט,118.31,"138,118.25",831      ,ערוץ ישיר,יזום מחשב
6/4/2025,6/4/2025,ישראכרט,17.96,"138,136.21",832      ,ערוץ ישיר,יזום מחשב
6/4/2025,6/4/2025,ישראכרט ב,283.92,"138,420.13",833      ,ערוץ ישיר,יזום מחשב
6/6/2025,6/6/2025,ישראכרט,755.14,"139,175.27",834      ,ערוץ ישיר,יזום מחשב
6/9/2025,6/9/2025,הע. לויקטור זףאדן בסניף 18-001,"-54,044","85,131.27",835/99719,ערוץ ישיר,אינטרנט
6/9/2025,6/9/2025,הע. לק אקספרס בסניף 20-552,"-17,032","68,099.27",836/99719,ערוץ ישיר,אינטרנט
6/9/2025,6/9/2025,הע. לאביב בן סימון בסניף 10-998,"-2,466.67","65,632.6",837/99719,ערוץ ישיר,אינטרנט
6/9/2025,6/9/2025,הע. להילה בסניף 10-952,"-2,032.86","63,599.74",838/99719,ערוץ ישיר,אינטרנט
6/9/2025,6/9/2025,הע. למירב ישראלי בסניף 31-024,"-1,243.79","62,355.95",839/99719,ערוץ ישיר,אינטרנט
6/9/2025,6/9/2025,הע. לילאי שערבני בסניף 10-940,"-2,000","60,355.95",840/99719,ערוץ ישיר,אינטרנט
6/9/2025,6/9/2025,הע. להדר כהן בסניף 11-111,-41.13,"60,314.82",841/99719,ערוץ ישיר,אינטרנט
6/9/2025,6/9/2025,הע. לילאי שערבני בסניף 10-940,"-1,000","59,314.82",842/99719,ערוץ ישיר,אינטרנט
6/9/2025,6/9/2025,גרואו פיימ,"20,733.16","80,047.98",843      ,ערוץ ישיר,יזום מחשב
6/10/2025,6/10/2025,הע. לגורן רואי חשב בסניף 20-576,"-2,260","77,787.98",844/99719,ערוץ ישיר,אינטרנט
6/10/2025,6/10/2025,הע. לגורן רואי חשב בסניף 20-576,-100,"77,687.98",845/99719,ערוץ ישיר,אינטרנט
6/10/2025,6/10/2025,העברה מסיטיבנק אירופה חשבון 22-001-0000-300313019 /BNK/1042759533499 PAY,"36,000","113,687.98",846      ,ערוץ ישיר,יזום מחשב
6/12/2025,6/12/2025,העברה לחסן חסן - קרטו הגליל,"-5,750","107,937.98",847/99719,ערוץ ישיר,אינטרנט
6/13/2025,6/13/2025,ישראכרט,473.3,"108,411.28",848      ,ערוץ ישיר,יזום מחשב
6/15/2025,6/15/2025,חיוב לכרטיס ויזה 4150,"-7,768.97","100,642.31",849      ,ערוץ ישיר,סניף
6/15/2025,6/15/2025,חיוב לכרטיס ויזה 4176,-19.8,"100,622.51",850      ,ערוץ ישיר,סניף
6/15/2025,6/15/2025,חיוב לכרטיס ויזה 9710,-19.8,"100,602.71",851      ,ערוץ ישיר,סניף
6/15/2025,6/15/2025,ישראכרט,302.66,"100,905.37",852      ,ערוץ ישיר,יזום מחשב
6/15/2025,6/15/2025,ישראכרט ב,373.18,"101,278.55",853      ,ערוץ ישיר,יזום מחשב
6/16/2025,6/16/2025,ישראכרט,265.19,"101,543.74",854      ,ערוץ ישיר,יזום מחשב
6/16/2025,6/16/2025,מס הכנסה נ חיוב,-424,"101,119.74",855      ,ערוץ ישיר,יזום מחשב
6/18/2025,6/19/2025,העברה לישי אזולאי בנק 11 ל 11-065-0151960773,"-6,000","95,119.74",856/99719,,אינטרנט
6/18/2025,6/19/2025,"העברה לד.א. ונוס השקעות בע""מ","-24,000","71,119.74",857/99719,,אינטרנט
6/18/2025,6/19/2025,"עמלת חליפין כנגד ח-ן מט""י",-24.49,"71,095.25",858/99719,,אינטרנט
6/18/2025,6/18/2025,ישראכרט,431.79,"71,527.04",859      ,ערוץ ישיר,יזום מחשב
6/18/2025,6/18/2025,ישראכרט ב,265.19,"71,792.23",860      ,ערוץ ישיר,יזום מחשב
6/19/2025,6/19/2025,הע. לרביד פחימה בסניף 10-927,-590,"71,202.23",861/99719,ערוץ ישיר,אינטרנט
6/19/2025,6/20/2025,"העברה לד.א. ונוס השקעות בע""מ","-24,000","47,202.23",862/99719,,אינטרנט
6/19/2025,6/20/2025,"עמלת חליפין כנגד ח-ן מט""י",-24.49,"47,177.74",863/99719,,אינטרנט
6/19/2025,6/19/2025,ישראכרט,539.35,"47,717.09",864      ,ערוץ ישיר,יזום מחשב
6/20/2025,6/22/2025,הע. לקסוקר בסניף 12-640,"-2,950","44,767.09",865/99719,ערוץ ישיר,אינטרנט
6/20/2025,6/20/2025,"הפקדה לפיקדון הו""ק ל-5 שנים","-1,000","43,767.09",866      ,,יזום מחשב
6/20/2025,6/20/2025,ישראכרט,265.19,"44,032.28",867      ,ערוץ ישיר,יזום מחשב
6/22/2025,6/22/2025,ישראכרט,283.92,"44,316.2",868      ,ערוץ ישיר,יזום מחשב
6/22/2025,6/22/2025,ישראכרט ב,559.95,"44,876.15",869      ,ערוץ ישיר,יזום מחשב
6/23/2025,6/23/2025,ישראכרט,411.09,"45,287.24",870      ,ערוץ ישיר,יזום מחשב
6/23/2025,6/23/2025,ישראכרט ב,185.33,"45,472.57",871      ,ערוץ ישיר,יזום מחשב
6/25/2025,6/25/2025,"העברה לד.א. ונוס השקעות בע""מ","-24,000","21,472.57",872/99719,,אינטרנט
6/25/2025,6/25/2025,"עמלת חליפין כנגד ח-ן מט""י",-24.48,"21,448.09",873/99719,,אינטרנט
6/25/2025,6/25/2025,הע. לידידיה פועלים בסניף 12-694,"-6,000","15,448.09",874/99719,ערוץ ישיר,אינטרנט
6/25/2025,6/25/2025,ישראכרט,"1,275.76","16,723.85",875      ,ערוץ ישיר,יזום מחשב
6/25/2025,6/25/2025,ישראכרט,317.89,"17,041.74",876      ,ערוץ ישיר,יזום מחשב
6/25/2025,6/25/2025,ישראכרט ב,431.79,"17,473.53",877      ,ערוץ ישיר,יזום מחשב
6/25/2025,6/25/2025,ישראכרט ב,201.15,"17,674.68",878      ,ערוץ ישיר,יזום מחשב
6/26/2025,6/26/2025,ישראכרט,922.74,"18,597.42",879      ,ערוץ ישיר,יזום מחשב
6/26/2025,6/26/2025,ישראכרט ב,251.93,"18,849.35",880      ,ערוץ ישיר,יזום מחשב
6/27/2025,6/27/2025,ישראכרט ב,522.59,"19,371.94",881      ,ערוץ ישיר,יזום מחשב
6/29/2025,6/29/2025,הע. לשנהב דיקשטיין בסניף 11-042,-400,"18,971.94",882/99719,ערוץ ישיר,אינטרנט
6/29/2025,6/29/2025,ישראכרט,652.61,"19,624.55",883      ,ערוץ ישיר,יזום מחשב
6/29/2025,6/29/2025,ישראכרט,39.44,"19,663.99",884      ,ערוץ ישיר,יזום מחשב
6/29/2025,6/29/2025,ישראכרט ב,418.53,"20,082.52",885      ,ערוץ ישיר,יזום מחשב
7/2/2025,7/2/2025,הע. לאביב בן סימון בסניף 10-998,"-3,186.57","16,895.95",886/99719,ערוץ ישיר,אינטרנט
7/2/2025,7/2/2025,הע. להילה בסניף 10-952,"-2,000","14,895.95",887/99719,ערוץ ישיר,אינטרנט
7/2/2025,7/2/2025,הע. לילאי שערבני בסניף 10-940,"-2,883","12,012.95",888/99719,ערוץ ישיר,אינטרנט
7/2/2025,7/2/2025,הע. לגורן רואי חשב בסניף 20-576,"-1,180","10,832.95",889/99719,ערוץ ישיר,אינטרנט
7/2/2025,7/2/2025,הע. ליוראי גד תלמי בסניף 31-021,-114.84,"10,718.11",890/99719,ערוץ ישיר,אינטרנט
7/2/2025,6/30/2025,"עמלת פעולה בערוץ ישיר- מט"", לפי 53 יח'",-106,"10,612.11",891      ,,סניף
7/2/2025,7/2/2025,ישראכרט,"39,722.38","50,334.49",892      ,ערוץ ישיר,יזום מחשב
7/2/2025,7/2/2025,ישראכרט,181.57,"50,516.06",893      ,ערוץ ישיר,יזום מחשב
7/2/2025,7/2/2025,אמריקן אקס,"4,846.09","55,362.15",894      ,ערוץ ישיר,יזום מחשב
7/2/2025,7/2/2025,ישראכרט ב,"39,565.72","94,927.87",895      ,ערוץ ישיר,יזום מחשב
7/3/2025,7/3/2025,העברה מסיטיבנק אירופה חשבון 22-001-0000-300313019 /BNK/1043256210772 PAY,"8,800","103,727.87",896      ,ערוץ ישיר,יזום מחשב
7/3/2025,7/3/2025,ישראכרט,3.76,"103,731.63",897      ,ערוץ ישיר,יזום מחשב
7/3/2025,7/3/2025,ישראכרט ב,605.95,"104,337.58",898      ,ערוץ ישיר,יזום מחשב
7/4/2025,7/4/2025,הע. לקארין אוחיון בסניף 10-939,-202.11,"104,135.47",899/99719,ערוץ ישיר,אינטרנט
7/4/2025,7/4/2025,הע. לשרה טגנה בסניף 52-186,-22.88,"104,112.59",900/99719,ערוץ ישיר,אינטרנט
7/4/2025,7/4/2025,ישראכרט,304.62,"104,417.21",901      ,ערוץ ישיר,יזום מחשב
7/4/2025,7/4/2025,ישראכרט,163.64,"104,580.85",902      ,ערוץ ישיר,יזום מחשב
7/6/2025,7/7/2025,הע. לידידיה פועלים בסניף 12-694,"-6,000","98,580.85",903/99719,ערוץ ישיר,אינטרנט
7/6/2025,7/7/2025,הע. לישי אזולאי בסניף 11-065,"-6,000","92,580.85",904/99719,ערוץ ישיר,אינטרנט
7/6/2025,7/6/2025,ישראכרט,685.16,"93,266.01",905      ,ערוץ ישיר,יזום מחשב
7/7/2025,7/7/2025,ישראכרט,"1,364.39","94,630.4",906      ,ערוץ ישיר,יזום מחשב
7/8/2025,7/8/2025,"העברה לד.א. ונוס השקעות בע""מ","-33,737.19","60,893.21",907/99719,,אינטרנט
7/8/2025,7/8/2025,"עמלת חליפין כנגד ח-ן מט""י",-34.22,"60,858.99",908/99719,,אינטרנט
7/9/2025,7/9/2025,הע. לק אקספרס בסניף 20-552,"-15,552","45,306.99",909/99719,ערוץ ישיר,אינטרנט
7/9/2025,7/10/2025,העברה לחסן חסן - קרטו הגליל,"-7,820","37,486.99",910/99719,ערוץ ישיר,אינטרנט
7/9/2025,7/9/2025,גרואו פיימ,"20,332.43","57,819.42",911      ,ערוץ ישיר,יזום מחשב
7/9/2025,7/9/2025,ישראכרט,"1,126.81","58,946.23",912      ,ערוץ ישיר,יזום מחשב
7/9/2025,7/9/2025,ישראכרט ב,520.52,"59,466.75",913      ,ערוץ ישיר,יזום מחשב
7/9/2025,7/9/2025,ישראכרט ב,63.75,"59,530.5",914      ,ערוץ ישיר,יזום מחשב
7/10/2025,7/10/2025,ישראכרט,333.2,"59,863.7",915      ,ערוץ ישיר,יזום מחשב
7/11/2025,7/11/2025,ישראכרט,166.6,"60,030.3",916      ,ערוץ ישיר,יזום מחשב
7/11/2025,7/11/2025,ישראכרט ב,397.33,"60,427.63",917      ,ערוץ ישיר,יזום מחשב
7/13/2025,7/13/2025,ישראכרט,265.19,"60,692.82",918      ,ערוץ ישיר,יזום מחשב
7/13/2025,7/13/2025,ישראכרט ב,"1,070.62","61,763.44",919      ,ערוץ ישיר,יזום מחשב
7/14/2025,7/14/2025,ישראכרט,275.05,"62,038.49",920      ,ערוץ ישיר,יזום מחשב
7/15/2025,7/15/2025,חיוב לכרטיס ויזה 4150,"-32,580.12","29,458.37",921      ,ערוץ ישיר,סניף
7/15/2025,7/15/2025,חיוב לכרטיס ויזה 4176,-19.8,"29,438.57",922      ,ערוץ ישיר,סניף
7/15/2025,7/15/2025,חיוב לכרטיס ויזה 9710,-19.8,"29,418.77",923      ,ערוץ ישיר,סניף
7/16/2025,7/16/2025,ישראכרט,"1,411.71","30,830.48",924      ,ערוץ ישיר,יזום מחשב
7/16/2025,7/16/2025,ישראכרט ב,651.64,"31,482.12",925      ,ערוץ ישיר,יזום מחשב
7/17/2025,7/16/2025,חיוב לכרטיס ויזה 4150,-34.56,"31,447.56",926      ,ערוץ ישיר,סניף
7/17/2025,7/17/2025,"החזר עמלות וריביות מתווה ב""י",441.66,"31,889.22",927      ,,סניף
7/17/2025,7/17/2025,ישראכרט,354.01,"32,243.23",928      ,ערוץ ישיר,יזום מחשב
7/17/2025,7/17/2025,ישראכרט ב,304.62,"32,547.85",929      ,ערוץ ישיר,יזום מחשב
7/18/2025,7/18/2025,ישראכרט,166.6,"32,714.45",930      ,ערוץ ישיר,יזום מחשב
7/18/2025,7/18/2025,ישראכרט ב,272.23,"32,986.68",931      ,ערוץ ישיר,יזום מחשב
7/20/2025,7/20/2025,"הפקדה לפיקדון הו""ק ל-5 שנים","-1,000","31,986.68",932      ,,יזום מחשב
7/20/2025,7/20/2025,ישראכרט,"1,591.13","33,577.81",933      ,ערוץ ישיר,יזום מחשב
7/20/2025,7/20/2025,מס הכנסה נ חיוב,-367,"33,210.81",934      ,ערוץ ישיר,יזום מחשב
7/21/2025,7/21/2025,"העברה לד.א. ונוס השקעות בע""מ","-30,354.44","2,856.37",935/99719,,אינטרנט
7/21/2025,7/21/2025,"עמלת חליפין כנגד ח-ן מט""י",-30.8,"2,825.57",936/99719,,אינטרנט
7/21/2025,7/21/2025,ישראכרט,166.6,"2,992.17",937      ,ערוץ ישיר,יזום מחשב
7/22/2025,7/22/2025,העברה מסיטיבנק אירופה חשבון 22-001-0000-300313019 /BNK/1043657828510 PAY,"30,000","32,992.17",938      ,ערוץ ישיר,יזום מחשב
7/23/2025,7/23/2025,ישראכרט,351.93,"33,344.1",939      ,ערוץ ישיר,יזום מחשב
7/24/2025,7/24/2025,ישראכרט,524.56,"33,868.66",940      ,ערוץ ישיר,יזום מחשב
7/24/2025,7/24/2025,ישראכרט ב,166.6,"34,035.26",941      ,ערוץ ישיר,יזום מחשב
7/27/2025,7/27/2025,ישראכרט,304.62,"34,339.88",942      ,ערוץ ישיר,יזום מחשב
7/27/2025,7/27/2025,ישראכרט ב,304.62,"34,644.5",943      ,ערוץ ישיר,יזום מחשב
7/28/2025,7/28/2025,ישראכרט,303.63,"34,948.13",944      ,ערוץ ישיר,יזום מחשב
7/30/2025,7/30/2025,הע. ללידור אשר בסניף 04-284,-100,"34,848.13",945/99719,ערוץ ישיר,אינטרנט
7/30/2025,7/30/2025,ישראכרט,165.03,"35,013.16",946      ,ערוץ ישיר,יזום מחשב
7/30/2025,7/30/2025,ישראכרט ב,185.33,"35,198.49",947      ,ערוץ ישיר,יזום מחשב
8/1/2025,8/1/2025,הע. לויקטור זףאדן בסניף 18-001,"-6,136","29,062.49",948/99719,ערוץ ישיר,אינטרנט
8/1/2025,8/1/2025,ישראכרט,235.61,"29,298.1",949      ,ערוץ ישיר,יזום מחשב
8/1/2025,8/1/2025,ישראכרט ב,166.6,"29,464.7",950      ,ערוץ ישיר,יזום מחשב
8/4/2025,8/4/2025,הע. לישי אזולאי בסניף 11-065,"-6,000","23,464.7",951/99719,ערוץ ישיר,אינטרנט
8/4/2025,7/31/2025,"עמלת פעולה בערוץ ישיר- מט"", לפי 55 יח'",-110,"23,354.7",952      ,,סניף
8/4/2025,8/4/2025,ישראכרט,"43,475.68","66,830.38",953      ,ערוץ ישיר,יזום מחשב
8/4/2025,8/4/2025,ישראכרט,692.52,"67,522.9",954      ,ערוץ ישיר,יזום מחשב
8/4/2025,8/4/2025,אמריקן אקס,"3,563.65","71,086.55",955      ,ערוץ ישיר,יזום מחשב
8/4/2025,8/4/2025,ישראכרט ב,"44,053.74","115,140.29",956      ,ערוץ ישיר,יזום מחשב
8/5/2025,8/5/2025,ישראכרט,6.77,"115,147.06",957      ,ערוץ ישיר,יזום מחשב
8/6/2025,8/6/2025,הע. לק אקספרס בסניף 20-552,"-16,609","98,538.06",958/99719,ערוץ ישיר,אינטרנט
8/6/2025,8/6/2025,הע. למירב ישראלי בסניף 31-024,-579.26,"97,958.8",959/99719,ערוץ ישיר,אינטרנט
8/6/2025,8/6/2025,הע. להילה בסניף 10-952,"-2,079.31","95,879.49",960/99719,ערוץ ישיר,אינטרנט
8/6/2025,8/6/2025,הע. לאביב בן סימון בסניף 10-998,"-3,461.36","92,418.13",961/99719,ערוץ ישיר,אינטרנט
8/6/2025,8/6/2025,הע. לילאי שערבני בסניף 10-940,"-2,755.94","89,662.19",962/99719,ערוץ ישיר,אינטרנט
8/6/2025,8/6/2025,הע. ליוראי גד תלמי בסניף 31-021,-71.64,"89,590.55",963/99719,ערוץ ישיר,אינטרנט
8/6/2025,8/6/2025,הע. לאביה בן עטר בסניף 12-685,-400,"89,190.55",964/99719,ערוץ ישיר,אינטרנט
8/6/2025,8/6/2025,הע. לגורן רואי חשב בסניף 20-576,"-1,180","88,010.55",965/99719,ערוץ ישיר,אינטרנט
8/6/2025,8/6/2025,ביטול העברה לבנק 31 לסניף 024,579.26,"88,589.81",966/94   ,,סניף
8/7/2025,8/7/2025,ישראכרט,825.47,"89,415.28",967      ,ערוץ ישיר,יזום מחשב
8/8/2025,8/8/2025,הע. ליובל וקנין בסניף 11-117,-193.54,"89,221.74",968/99719,ערוץ ישיר,אינטרנט
8/8/2025,8/8/2025,גרואו פיימ,"22,210.86","111,432.6",969      ,ערוץ ישיר,יזום מחשב
8/8/2025,8/8/2025,ישראכרט ב,310.54,"111,743.14",970      ,ערוץ ישיר,יזום מחשב
8/10/2025,8/10/2025,ישראכרט,907.86,"112,651",971      ,ערוץ ישיר,יזום מחשב
8/11/2025,8/11/2025,ישראכרט,334.2,"112,985.2",972      ,ערוץ ישיר,יזום מחשב
8/11/2025,8/11/2025,ישראכרט ב,309.45,"113,294.65",973      ,ערוץ ישיר,יזום מחשב
8/12/2025,8/12/2025,הע. ללידור אשר בסניף 04-284,-100,"113,194.65",974/99719,ערוץ ישיר,אינטרנט
8/12/2025,8/12/2025,הע. לויקטור זףאדן בסניף 18-001,"-6,726","106,468.65",975/99719,ערוץ ישיר,אינטרנט
8/13/2025,8/13/2025,ישראכרט,915.06,"107,383.71",976      ,ערוץ ישיר,יזום מחשב
8/13/2025,8/13/2025,ישראכרט ב,473.27,"107,856.98",977      ,ערוץ ישיר,יזום מחשב
8/14/2025,8/14/2025,עמלת העברת מטח 728063186595,-75.13,"107,781.85",978      ,,יזום מחשב
8/15/2025,8/15/2025,חיוב לכרטיס ויזה 4150,"-29,630.21","78,151.64",979      ,ערוץ ישיר,סניף
8/15/2025,8/15/2025,חיוב לכרטיס ויזה 4176,"-2,403.48","75,748.16",980      ,ערוץ ישיר,סניף
8/15/2025,8/15/2025,חיוב לכרטיס ויזה 9710,-19.8,"75,728.36",981      ,ערוץ ישיר,סניף
8/15/2025,8/15/2025,ישראכרט ב,642.17,"76,370.53",982      ,ערוץ ישיר,יזום מחשב
8/17/2025,8/17/2025,ישראכרט,"1,078.6","77,449.13",983      ,ערוץ ישיר,יזום מחשב
8/18/2025,8/18/2025,הע. לסמדר גבסו בסניף 12-582,-500,"76,949.13",984/99719,ערוץ ישיר,אינטרנט
8/18/2025,8/18/2025,הע. לישליין שירותי בסניף 12-600,"-6,836","70,113.13",985/99719,ערוץ ישיר,אינטרנט
8/18/2025,8/18/2025,הע. לויקטור זףאדן בסניף 18-001,"-15,960","54,153.13",986/99719,ערוץ ישיר,אינטרנט
8/18/2025,8/17/2025,חיוב לכרטיס ויזה 4150,-34.81,"54,118.32",987      ,ערוץ ישיר,סניף
8/18/2025,8/18/2025,העברה מסיטיבנק אירופה חשבון 22-001-0000-300313019 /BNK/1044254053672 PAY,"20,000","74,118.32",988      ,ערוץ ישיר,יזום מחשב
8/20/2025,8/20/2025,"העברה לד.א. ונוס השקעות בע""מ","-52,300","21,818.32",989/29   ,,סניף
8/20/2025,8/20/2025,"עמלת חליפין כנגד ח-ן מט""י",-59.62,"21,758.7",990/29   ,,סניף
8/20/2025,8/20/2025,"העברה לד.א. ונוס השקעות בע""מ",-170,"21,588.7",991/29   ,,סניף
8/20/2025,8/20/2025,"עמלת חליפין כנגד ח-ן מט""י",-11.49,"21,577.21",992/29   ,,סניף
8/20/2025,8/20/2025,"העברה לד.א. ונוס השקעות בע""מ",-410.15,"21,167.06",993/29   ,,סניף
8/20/2025,8/20/2025,"עמלת חליפין כנגד ח-ן מט""י",-22.98,"21,144.08",994/29   ,,סניף
8/20/2025,8/20/2025,"הפקדה לפיקדון הו""ק ל-5 שנים","-1,000","20,144.08",995      ,,יזום מחשב
8/21/2025,8/21/2025,ישראכרט,285.53,"20,429.61",996      ,ערוץ ישיר,יזום מחשב
8/22/2025,8/22/2025,ישראכרט ב,183.37,"20,612.98",997      ,ערוץ ישיר,יזום מחשב
8/25/2025,8/25/2025,ישראכרט ב,367.72,"20,980.7",998      ,ערוץ ישיר,יזום מחשב
8/26/2025,8/26/2025,הע. לגורן רואי חשב בסניף 20-576,"-1,180","19,800.7",999/99719,ערוץ ישיר,אינטרנט
8/27/2025,8/27/2025,ישראכרט ב,340.51,"20,141.21",1000      ,ערוץ ישיר,יזום מחשב
8/28/2025,8/28/2025,ישראכרט ב,195.19,"20,336.4",1001      ,ערוץ ישיר,יזום מחשב
8/31/2025,8/31/2025,ישראכרט ב,284.91,"20,621.31",1002      ,ערוץ ישיר,יזום מחשב
9/1/2025,9/1/2025,ישראכרט ב,264.2,"20,885.51",1003      ,ערוץ ישיר,יזום מחשב
9/2/2025,9/2/2025,הע. לישי אזולאי בסניף 11-065,"-6,000","14,885.51",1004/99719,ערוץ ישיר,אינטרנט
9/2/2025,8/31/2025,"עמלת פעולה בערוץ ישיר- מט"", לפי 44 יח'",-88,"14,797.51",1005      ,,סניף
9/2/2025,9/2/2025,ישראכרט,"24,009.62","38,807.13",1006      ,ערוץ ישיר,יזום מחשב
9/2/2025,9/2/2025,ישראכרט,389.21,"39,196.34",1007      ,ערוץ ישיר,יזום מחשב
9/2/2025,9/2/2025,אמריקן אקס,"2,163.66","41,360",1008      ,ערוץ ישיר,יזום מחשב
9/2/2025,9/2/2025,ישראכרט ב,"38,707.38","80,067.38",1009      ,ערוץ ישיר,יזום מחשב
9/3/2025,9/3/2025,ישראכרט,4.12,"80,071.5",1010      ,ערוץ ישיר,יזום מחשב
9/3/2025,9/3/2025,ישראכרט ב,617.14,"80,688.64",1011      ,ערוץ ישיר,יזום מחשב
9/4/2025,9/4/2025,"העברה לד.א. ונוס השקעות בע""מ","-42,298.2","38,390.44",1012/29   ,,סניף
9/4/2025,9/4/2025,"עמלת חליפין כנגד ח-ן מט""י",-48.04,"38,342.4",1013/29   ,,סניף
9/4/2025,9/4/2025,הע. להדר כהן בסניף 11-111,-135.54,"38,206.86",1014/99719,ערוץ ישיר,אינטרנט
9/4/2025,9/4/2025,הע. לאביב בן סימון בסניף 10-998,"-3,588.71","34,618.15",1015/99719,ערוץ ישיר,אינטרנט
9/4/2025,9/4/2025,הע. להילה בסניף 10-952,"-1,900","32,718.15",1016/99719,ערוץ ישיר,אינטרנט
9/4/2025,9/4/2025,הע. לילאי שערבני בסניף 10-940,"-2,816","29,902.15",1017/99719,ערוץ ישיר,אינטרנט
9/4/2025,9/4/2025,הע. ליובל וקנין בסניף 11-117,-313,"29,589.15",1018/99719,ערוץ ישיר,אינטרנט
9/4/2025,9/4/2025,הע. ליוראי גד תלמי בסניף 31-021,-49.56,"29,539.59",1019/99719,ערוץ ישיר,אינטרנט
9/4/2025,9/4/2025,הע. לאביב בן סימון בסניף 10-998,-259.46,"29,280.13",1020/99719,ערוץ ישיר,אינטרנט
9/4/2025,9/4/2025,הע. לגורן רואי חשב בסניף 20-576,"-1,180","28,100.13",1021/99719,ערוץ ישיר,אינטרנט
9/4/2025,9/4/2025,הע. לשימרית חלאוני בסניף 12-716,-57.62,"28,042.51",1022/99719,ערוץ ישיר,אינטרנט
9/4/2025,9/4/2025,הע. לניקה ארליכמן בסניף 12-540,-148.65,"27,893.86",1023/99719,ערוץ ישיר,אינטרנט
9/4/2025,9/4/2025,ישראכרט ב,264.2,"28,158.06",1024      ,ערוץ ישיר,יזום מחשב
9/7/2025,9/7/2025,הע. לק אקספרס בסניף 20-552,"-15,913","12,245.06",1025/99719,ערוץ ישיר,אינטרנט
9/7/2025,9/7/2025,ישראכרט ב,685.15,"12,930.21",1026      ,ערוץ ישיר,יזום מחשב
9/9/2025,9/9/2025,גרואו פיימ,"23,810.75","36,740.96",1027      ,ערוץ ישיר,יזום מחשב
9/10/2025,9/10/2025,ישראכרט,245.47,"36,986.43",1028      ,ערוץ ישיר,יזום מחשב
9/10/2025,9/10/2025,ישראכרט ב,175.47,"37,161.9",1029      ,ערוץ ישיר,יזום מחשב
9/12/2025,9/12/2025,ישראכרט,796.55,"37,958.45",1030      ,ערוץ ישיר,יזום מחשב
9/12/2025,9/12/2025,ישראכרט ב,156.75,"38,115.2",1031      ,ערוץ ישיר,יזום מחשב
9/14/2025,9/14/2025,ישראכרט,471.23,"38,586.43",1032      ,ערוץ ישיר,יזום מחשב
9/14/2025,9/14/2025,ישראכרט ב,226.83,"38,813.26",1033      ,ערוץ ישיר,יזום מחשב
9/15/2025,9/15/2025,חיוב לכרטיס ויזה 4150,"-9,629.58","29,183.68",1034      ,ערוץ ישיר,סניף
9/15/2025,9/15/2025,חיוב לכרטיס ויזה 4176,"-3,740.65","25,443.03",1035      ,ערוץ ישיר,סניף
9/15/2025,9/15/2025,חיוב לכרטיס ויזה 9710,-19.8,"25,423.23",1036      ,ערוץ ישיר,סניף
9/15/2025,9/15/2025,ישראכרט,303.63,"25,726.86",1037      ,ערוץ ישיר,יזום מחשב
9/16/2025,9/16/2025,"העברה לד.א. ונוס השקעות בע""מ","-23,250.85","2,476.01",1038/99719,,אינטרנט
9/16/2025,9/16/2025,"עמלת חליפין כנגד ח-ן מט""י",-23.52,"2,452.49",1039/99719,,אינטרנט
9/17/2025,9/16/2025,חיוב לכרטיס ויזה 4150,-34.43,"2,418.06",1040      ,ערוץ ישיר,סניף
9/17/2025,9/17/2025,ישראכרט,303.63,"2,721.69",1041      ,ערוץ ישיר,יזום מחשב
9/17/2025,9/17/2025,ישראכרט ב,284.91,"3,006.6",1042      ,ערוץ ישיר,יזום מחשב
9/18/2025,9/18/2025,הע. לאחיעד נרקיס בסניף 12-686,-80,"2,926.6",1043/99719,ערוץ ישיר,אינטרנט
9/18/2025,9/18/2025,ישראכרט,283.92,"3,210.52",1044      ,ערוץ ישיר,יזום מחשב
9/18/2025,9/18/2025,ישראכרט ב,312.52,"3,523.04",1045      ,ערוץ ישיר,יזום מחשב
9/19/2025,9/19/2025,ישראכרט,175.47,"3,698.51",1046      ,ערוץ ישיר,יזום מחשב
9/19/2025,9/19/2025,ישראכרט ב,616.15,"4,314.66",1047      ,ערוץ ישיר,יזום מחשב
9/21/2025,9/21/2025,"הפקדה לפיקדון הו""ק ל-5 שנים","-1,000","3,314.66",1048      ,,יזום מחשב
9/21/2025,9/21/2025,ישראכרט,725.57,"4,040.23",1049      ,ערוץ ישיר,יזום מחשב
9/21/2025,9/21/2025,"מע""מ חיוב","-6,700","-2,659.77",1050      ,ערוץ ישיר,יזום מחשב
9/21/2025,9/21/2025,מס הכנסה נ חיוב,-366,"-3,025.77",1051      ,ערוץ ישיר,יזום מחשב
9/22/2025,9/22/2025,ישראכרט ב,357.65,"-2,668.12",1052      ,ערוץ ישיר,יזום מחשב
9/25/2025,9/25/2025,ישראכרט ב,235.61,"-2,432.51",1053      ,ערוץ ישיר,יזום מחשב
9/26/2025,9/26/2025,העברה מדן דוד חשבון 20-401-0000-000012209,"3,000",567.49,1054      ,ערוץ ישיר,יזום מחשב
9/28/2025,9/28/2025,ישראכרט,408.14,975.63,1055      ,ערוץ ישיר,יזום מחשב
9/28/2025,9/28/2025,ישראכרט ב,587.56,"1,563.19",1056      ,ערוץ ישיר,יזום מחשב
9/28/2025,9/28/2025,העברה מסיטיבנק אירופה חשבון 22-001-0000-300313019 /BNK/1045097258885 PAY,"20,000","21,563.19",1057      ,ערוץ ישיר,יזום מחשב
9/29/2025,9/30/2025,הע. לויקטור זףאדן בסניף 18-001,"-8,413","13,150.19",1058/99719,ערוץ ישיר,אינטרנט
9/29/2025,9/29/2025,ישראכרט,333.21,"13,483.4",1059      ,ערוץ ישיר,יזום מחשב
9/29/2025,9/29/2025,ישראכרט ב,534.32,"14,017.72",1060      ,ערוץ ישיר,יזום מחשב
9/30/2025,9/30/2025,הע. לישי אזולאי בסניף 11-065,"-6,000","8,017.72",1061/99719,ערוץ ישיר,אינטרנט
9/30/2025,9/30/2025,תשלום ריבית על משיכת יתר- מינוס,-7.8,"8,009.92",1062      ,,יזום מחשב
10/3/2025,10/3/2025,ישראכרט,"45,614.98","53,624.9",1063      ,ערוץ ישיר,יזום מחשב
10/3/2025,10/3/2025,ישראכרט,"1,279.85","54,904.75",1064      ,ערוץ ישיר,יזום מחשב
10/3/2025,10/3/2025,אמריקן אקס,"3,212.35","58,117.1",1065      ,ערוץ ישיר,יזום מחשב
10/3/2025,10/3/2025,ישראכרט ב,"46,618.78","104,735.88",1066      ,ערוץ ישיר,יזום מחשב
10/5/2025,9/30/2025,"עמלת פעולה בערוץ ישיר- מט"", לפי 53 יח'",-106,"104,629.88",1067      ,,סניף
10/6/2025,10/6/2025,הע. לאביב בן סימון בסניף 10-998,"-4,233.27","100,396.61",1068/99719,ערוץ ישיר,אינטרנט
10/6/2025,10/6/2025,הע. לאריאל מיארה בסניף 10-739,-53.87,"100,342.74",1069/99719,ערוץ ישיר,אינטרנט
10/6/2025,10/6/2025,הע. לשרה טגנה בסניף 52-186,-78.29,"100,264.45",1070/99719,ערוץ ישיר,אינטרנט
10/6/2025,10/6/2025,הע. ליובל וקנין בסניף 11-117,-122.06,"100,142.39",1071/99719,ערוץ ישיר,אינטרנט
10/6/2025,10/6/2025,הע. ליוראי גד תלמי בסניף 31-021,-200,"99,942.39",1072/99719,ערוץ ישיר,אינטרנט
10/6/2025,10/6/2025,הע. להדר כהן בסניף 11-111,-44.82,"99,897.57",1073/99719,ערוץ ישיר,אינטרנט
10/6/2025,10/6/2025,הע. לספיר שירות לק בסניף 12-634,-500,"99,397.57",1074/99719,ערוץ ישיר,אינטרנט
10/6/2025,10/6/2025,הע. ליואל גורן בסניף 20-576,"-1,180","98,217.57",1075/99719,ערוץ ישיר,אינטרנט
10/6/2025,10/6/2025,"העברה לד.א. ונוס השקעות בע""מ","-39,374.67","58,842.9",1076/94   ,,סניף
10/6/2025,10/6/2025,"עמלת חליפין כנגד ח-ן מט""י",-45.35,"58,797.55",1077/94   ,,סניף
10/6/2025,10/6/2025,ישראכרט,10.29,"58,807.84",1078      ,ערוץ ישיר,יזום מחשב
10/8/2025,10/8/2025,הע. לק אקספרס בסניף 20-552,"-12,539","46,268.84",1079/99719,ערוץ ישיר,אינטרנט
10/8/2025,10/9/2025,הע. לרן שערבני בסניף 10-709,"-1,461.91","44,806.93",1080/99719,ערוץ ישיר,אינטרנט
10/8/2025,10/8/2025,ישראכרט ב,640.24,"45,447.17",1081      ,ערוץ ישיר,יזום מחשב
10/9/2025,10/9/2025,הע. לדוד דן בסניף 20-401,"-3,000","42,447.17",1082/99719,ערוץ ישיר,אינטרנט
10/9/2025,10/9/2025,גרואו פיימ,"23,523.48","65,970.65",1083      ,ערוץ ישיר,יזום מחשב
10/9/2025,10/9/2025,ישראכרט,671.43,"66,642.08",1084      ,ערוץ ישיר,יזום מחשב
10/13/2025,10/13/2025,ישראכרט ב,412.08,"67,054.16",1085      ,ערוץ ישיר,יזום מחשב
10/15/2025,10/15/2025,חיוב לכרטיס ויזה 4150,"-3,086.35","63,967.81",1086      ,ערוץ ישיר,סניף
10/15/2025,10/15/2025,חיוב לכרטיס ויזה 4176,-246.5,"63,721.31",1087      ,ערוץ ישיר,סניף
10/15/2025,10/15/2025,חיוב לכרטיס ויזה 9710,-19.8,"63,701.51",1088      ,ערוץ ישיר,סניף
10/15/2025,10/15/2025,ישראכרט,595.53,"64,297.04",1089      ,ערוץ ישיר,יזום מחשב
10/15/2025,10/15/2025,ישראכרט ב,715.71,"65,012.75",1090      ,ערוץ ישיר,יזום מחשב
10/16/2025,10/16/2025,"העברה לד.א. ונוס השקעות בע""מ","-38,000","27,012.75",1091/94   ,,סניף
10/16/2025,10/16/2025,"עמלת חליפין כנגד ח-ן מט""י",-43.31,"26,969.44",1092/94   ,,סניף
10/16/2025,10/16/2025,ישראכרט ב,245.47,"27,214.91",1093      ,ערוץ ישיר,יזום מחשב
10/17/2025,10/16/2025,חיוב לכרטיס ויזה 4150,-33.95,"27,180.96",1094      ,ערוץ ישיר,סניף
10/19/2025,10/19/2025,ישראכרט,"2,185.61","29,366.57",1095      ,ערוץ ישיר,יזום מחשב
10/19/2025,10/19/2025,ישראכרט ב,950.33,"30,316.9",1096      ,ערוץ ישיר,יזום מחשב
10/20/2025,10/20/2025,"הפקדה לפיקדון הו""ק ל-5 שנים","-1,000","29,316.9",1097      ,,יזום מחשב
10/22/2025,10/22/2025,ישראכרט,968.1,"30,285",1098      ,ערוץ ישיר,יזום מחשב
10/22/2025,10/22/2025,ישראכרט ב,403.21,"30,688.21",1099      ,ערוץ ישיר,יזום מחשב
10/23/2025,10/23/2025,העברה לחסן חסן - קרטו הגליל,"-4,702","25,986.21",1100/99719,ערוץ ישיר,אינטרנט
10/23/2025,10/23/2025,הע. לויקטור זףאדן בסניף 18-001,"-10,443","15,543.21",1101/99719,ערוץ ישיר,אינטרנט
10/23/2025,10/23/2025,הע ל isline בסניף 12-685,"-16,594","-1,050.79",1102/94   ,,סניף
10/23/2025,10/23/2025,העברה מסיטיבנק אירופה חשבון 22-001-0000-300313019 /BNK/1045694739395 PAY,"31,000","29,949.21",1103      ,ערוץ ישיר,יזום מחשב
10/23/2025,10/23/2025,ישראכרט,299.89,"30,249.1",1104      ,ערוץ ישיר,יזום מחשב
10/23/2025,10/23/2025,ישראכרט ב,519.54,"30,768.64",1105      ,ערוץ ישיר,יזום מחשב
10/24/2025,10/24/2025,ישראכרט,"1,087.48","31,856.12",1106      ,ערוץ ישיר,יזום מחשב
10/26/2025,10/26/2025,ישראכרט,"1,448.19","33,304.31",1107      ,ערוץ ישיר,יזום מחשב
10/26/2025,10/26/2025,ישראכרט ב,223.79,"33,528.1",1108      ,ערוץ ישיר,יזום מחשב
10/27/2025,10/27/2025,הע. לשנהב דיקשטיין בסניף 11-042,"-2,200","31,328.1",1109/99719,ערוץ ישיר,אינטרנט
10/27/2025,10/27/2025,ישראכרט ב,254.34,"31,582.44",1110      ,ערוץ ישיר,יזום מחשב
10/28/2025,10/28/2025,הע. לישי אזולאי בסניף 11-065,"-6,000","25,582.44",1111/99719,ערוץ ישיר,אינטרנט
10/28/2025,10/28/2025,הע. ל isline בסניף 12-685,-590,"24,992.44",1112/99719,ערוץ ישיר,אינטרנט
10/29/2025,10/29/2025,ישראכרט,450.53,"25,442.97",1113      ,ערוץ ישיר,יזום מחשב
10/29/2025,10/29/2025,ישראכרט ב,431.7,"25,874.67",1114      ,ערוץ ישיר,יזום מחשב
11/2/2025,11/2/2025,הע. לויקטור זףאדן בסניף 18-001,"-6,431","19,443.67",1115/99719,ערוץ ישיר,אינטרנט
11/2/2025,11/2/2025,"החזר עמלות וריביות מתווה ב""י",416.07,"19,859.74",1116      ,,סניף
11/2/2025,11/2/2025,ישראכרט,"58,336.19","78,195.93",1117      ,ערוץ ישיר,יזום מחשב
11/2/2025,11/2/2025,ישראכרט,240.48,"78,436.41",1118      ,ערוץ ישיר,יזום מחשב
11/2/2025,11/2/2025,אמריקן אקס,"4,368.71","82,805.12",1119      ,ערוץ ישיר,יזום מחשב
11/2/2025,11/2/2025,ישראכרט ב,"69,316.46","152,121.58",1120      ,ערוץ ישיר,יזום מחשב
11/3/2025,10/31/2025,"עמלת פעולה בערוץ ישיר- מט"", לפי 46 יח'",-92,"152,029.58",1121      ,,סניף
11/3/2025,11/3/2025,ישראכרט,436.95,"152,466.53",1122      ,ערוץ ישיר,יזום מחשב
11/3/2025,11/3/2025,ישראכרט ב,763.04,"153,229.57",1123      ,ערוץ ישיר,יזום מחשב
11/4/2025,11/4/2025,הע. לויקטור זףאדן בסניף 18-001,"-20,000","133,229.57",1124/99719,ערוץ ישיר,אינטרנט
11/4/2025,11/4/2025,ישראכרט,4.99,"133,234.56",1125      ,ערוץ ישיר,יזום מחשב
11/5/2025,11/5/2025,הע. לאביב בן סימון בסניף 10-998,"-3,356.86","129,877.7",1126/99719,ערוץ ישיר,אינטרנט
11/5/2025,11/5/2025,הע. ליואל גורן בסניף 20-576,"-1,180","128,697.7",1127/99719,ערוץ ישיר,אינטרנט
11/5/2025,11/5/2025,הע. לטליה בן סימון בסניף 11-111,"-2,000","126,697.7",1128/99719,ערוץ ישיר,אינטרנט
11/5/2025,11/5/2025,"העברה לד.א. ונוס השקעות בע""מ","-100,000","26,697.7",1129/29   ,,סניף
11/5/2025,11/5/2025,"עמלת חליפין כנגד ח-ן מט""י",-113.99,"26,583.71",1130/29   ,,סניף
11/5/2025,11/5/2025,עמלת מידע עמלות,-15,"26,568.71",1131/94   ,,סניף
11/5/2025,11/5/2025,עמלת מידע עמלות,-15,"26,553.71",1132/94   ,,סניף
11/5/2025,11/5/2025,"עמלת אישור ריבית / דנ""ח-מט""י",-55,"26,498.71",1133/94   ,,סניף
11/5/2025,11/4/2025,"עמלת הקצאת אשראי מט""י-עסקי",-156.16,"26,342.55",1134      ,,סניף
11/5/2025,11/4/2025,"עמלת מסמכי קו אשראי,עסקי-מט""י",-540,"25,802.55",1135      ,,יזום מחשב
11/6/2025,11/6/2025,הע. לאביב בן סימון בסניף 10-998,"-1,261","24,541.55",1136/99719,ערוץ ישיר,אינטרנט
11/6/2025,11/6/2025,הע. לסטאקפלסט בעמ בסניף 10-800,"-5,267","19,274.55",1137/99719,ערוץ ישיר,אינטרנט
11/9/2025,11/9/2025,גרואו פיימ,"24,174.07","43,448.62",1138      ,ערוץ ישיר,יזום מחשב
11/9/2025,11/9/2025,ישראכרט,857.11,"44,305.73",1139      ,ערוץ ישיר,יזום מחשב
11/10/2025,11/10/2025,הע. לק אקספרס בסניף 20-552,"-18,638","25,667.73",1140/99719,ערוץ ישיר,אינטרנט
11/10/2025,11/10/2025,ישראכרט,608.26,"26,275.99",1141      ,ערוץ ישיר,יזום מחשב
11/12/2025,11/12/2025,ישראכרט,861.62,"27,137.61",1142      ,ערוץ ישיר,יזום מחשב
11/13/2025,11/13/2025,ישראכרט,264.2,"27,401.81",1143      ,ערוץ ישיר,יזום מחשב
11/13/2025,11/13/2025,ישראכרט ב,255.87,"27,657.68",1144      ,ערוץ ישיר,יזום מחשב
11/14/2025,11/14/2025,ישראכרט,145.9,"27,803.58",1145      ,ערוץ ישיר,יזום מחשב
11/14/2025,11/14/2025,ישראכרט ב,529.39,"28,332.97",1146      ,ערוץ ישיר,יזום מחשב
11/16/2025,11/16/2025,הע. למארק מירונוב בסניף 12-613,-180,"28,152.97",1147/99719,ערוץ ישיר,אינטרנט
11/16/2025,11/16/2025,הע. למארק מירונוב בסניף 12-613,"-1,800","26,352.97",1148/99719,ערוץ ישיר,אינטרנט
11/16/2025,11/16/2025,חיוב לכרטיס ויזה 4150,"-4,300.34","22,052.63",1149      ,ערוץ ישיר,סניף
11/16/2025,11/16/2025,חיוב לכרטיס ויזה 4176,"-1,923.92","20,128.71",1150      ,ערוץ ישיר,סניף
11/16/2025,11/16/2025,חיוב לכרטיס ויזה 9710,-19.8,"20,108.91",1151      ,ערוץ ישיר,סניף
11/16/2025,11/16/2025,ישראכרט,"1,518.18","21,627.09",1152      ,ערוץ ישיר,יזום מחשב
11/16/2025,11/16/2025,ישראכרט ב,961.18,"22,588.27",1153      ,ערוץ ישיר,יזום מחשב
11/17/2025,11/17/2025,ישראכרט,342.98,"22,931.25",1154      ,ערוץ ישיר,יזום מחשב
11/17/2025,11/17/2025,ישראכרט ב,539.25,"23,470.5",1155      ,ערוץ ישיר,יזום מחשב
11/19/2025,11/19/2025,ישראכרט,335.27,"23,805.77",1156      ,ערוץ ישיר,יזום מחשב
11/20/2025,11/20/2025,הע. לשנהב דיקשטיין בסניף 11-042,"-1,200","22,605.77",1157/99719,ערוץ ישיר,אינטרנט
11/20/2025,11/20/2025,"הפקדה לפיקדון הו""ק ל-5 שנים","-1,000","21,605.77",1158      ,,יזום מחשב
11/20/2025,11/20/2025,ישראכרט ב,235.61,"21,841.38",1159      ,ערוץ ישיר,יזום מחשב
11/20/2025,11/20/2025,מס הכנסה נ חיוב,-367,"21,474.38",1160      ,ערוץ ישיר,יזום מחשב
11/21/2025,11/21/2025,העברה מסיטיבנק אירופה חשבון 22-001-0000-300313019 /BNK/1046325793772 PAY,"33,000","54,474.38",1161      ,ערוץ ישיר,יזום מחשב
11/23/2025,11/21/2025,החזר זיכוי סיטיבנק,"-33,000","21,474.38",1162/96   ,,סניף
11/23/2025,11/23/2025,ישראכרט,549.1,"22,023.48",1163      ,ערוץ ישיר,יזום מחשב
11/24/2025,11/24/2025,"העברה לד.א. ונוס השקעות בע""מ","-26,337.91","-4,314.43",1164/83   ,,סניף
11/24/2025,11/24/2025,"עמלת חליפין כנגד ח-ן מט""י",-29.91,"-4,344.34",1165/83   ,,סניף
11/24/2025,11/24/2025,ישראכרט,667.52,"-3,676.82",1166      ,ערוץ ישיר,יזום מחשב
11/24/2025,11/24/2025,ישראכרט ב,628.96,"-3,047.86",1167      ,ערוץ ישיר,יזום מחשב
11/26/2025,11/26/2025,ישראכרט,"1,355.51","-1,692.35",1168      ,ערוץ ישיר,יזום מחשב
11/26/2025,11/26/2025,ישראכרט ב,393.35,"-1,299",1169      ,ערוץ ישיר,יזום מחשב
11/27/2025,11/27/2025,ישראכרט,705.85,-593.15,1170      ,ערוץ ישיר,יזום מחשב
11/27/2025,11/27/2025,ישראכרט ב,175.47,-417.68,1171      ,ערוץ ישיר,יזום מחשב
11/28/2025,11/30/2025,העברה לישי אזולאי בנק 11 ל 11-065-0151960773,"-6,000","-6,417.68",1172/99719,,אינטרנט
11/28/2025,11/28/2025,העברה מסיטיבנק אירופה חשבון 22-001-0000-300313019 /BNK/1046490056763 PAY,"10,000","3,582.32",1173      ,ערוץ ישיר,יזום מחשב
11/28/2025,11/28/2025,ישראכרט,156.75,"3,739.07",1174      ,ערוץ ישיר,יזום מחשב
11/28/2025,11/28/2025,ישראכרט ב,617.12,"4,356.19",1175      ,ערוץ ישיר,יזום מחשב
11/30/2025,11/30/2025,הע. לסטאקפלסט בעמ בסניף 10-800,-590,"3,766.19",1176/99719,ערוץ ישיר,אינטרנט
11/30/2025,11/30/2025,ישראכרט,"1,047.94","4,814.13",1177      ,ערוץ ישיר,יזום מחשב
11/30/2025,11/30/2025,ישראכרט ב,528.4,"5,342.53",1178      ,ערוץ ישיר,יזום מחשב
12/1/2025,12/1/2025,ישראכרט,636.76,"5,979.29",1179      ,ערוץ ישיר,יזום מחשב
12/2/2025,11/30/2025,"עמלת פעולה בערוץ ישיר- מט"", לפי 51 יח'",-102,"5,877.29",1180      ,,סניף
12/2/2025,12/2/2025,ישראכרט,"65,319.24","71,196.53",1181      ,ערוץ ישיר,יזום מחשב
12/2/2025,12/2/2025,ישראכרט,738.82,"71,935.35",1182      ,ערוץ ישיר,יזום מחשב
12/2/2025,12/2/2025,אמריקן אקס,"8,555.4","80,490.75",1183      ,ערוץ ישיר,יזום מחשב
12/2/2025,12/2/2025,ישראכרט ב,"71,946.55","152,437.3",1184      ,ערוץ ישיר,יזום מחשב
12/3/2025,12/3/2025,הע. לילאי שערבני בסניף 10-940,"-2,900","149,537.3",1185/99719,ערוץ ישיר,אינטרנט
12/3/2025,12/3/2025,העברה מסיטיבנק אירופה חשבון 22-001-0000-300313019 /BNK/1046648080518 PAY,"30,000","179,537.3",1186      ,ערוץ ישיר,יזום מחשב
12/3/2025,12/3/2025,ישראכרט,175.47,"179,712.77",1187      ,ערוץ ישיר,יזום מחשב
12/3/2025,12/3/2025,ישראכרט,12.14,"179,724.91",1188      ,ערוץ ישיר,יזום מחשב
12/4/2025,12/4/2025,העברה לחסן חסן - קרטו הגליל,"-12,000","167,724.91",1189/99719,ערוץ ישיר,אינטרנט
12/4/2025,12/4/2025,ישראכרט ב,755.22,"168,480.13",1190      ,ערוץ ישיר,יזום מחשב
12/5/2025,12/5/2025,ישראכרט,"1,263.84","169,743.97",1191      ,ערוץ ישיר,יזום מחשב
12/5/2025,12/5/2025,ישראכרט ב,313.49,"170,057.46",1192      ,ערוץ ישיר,יזום מחשב
12/7/2025,12/7/2025,ישראכרט,548.12,"170,605.58",1193      ,ערוץ ישיר,יזום מחשב
12/7/2025,12/7/2025,ישראכרט ב,662.48,"171,268.06",1194      ,ערוץ ישיר,יזום מחשב
12/8/2025,12/8/2025,ישראכרט,254.34,"171,522.4",1195      ,ערוץ ישיר,יזום מחשב
12/9/2025,12/9/2025,הע. לאביב בן סימון בסניף 10-998,"-2,447.68","169,074.72",1196/99719,ערוץ ישיר,אינטרנט
12/9/2025,12/9/2025,הע. ליוראי גד תלמי בסניף 31-021,-186.42,"168,888.3",1197/99719,ערוץ ישיר,אינטרנט
12/9/2025,12/9/2025,הע. לטליה בן סימון בסניף 11-111,"-2,800","166,088.3",1198/99719,ערוץ ישיר,אינטרנט
12/9/2025,12/9/2025,"העברה לד.א. ונוס השקעות בע""מ","-113,082.72","53,005.58",1199/94   ,,סניף
12/9/2025,12/9/2025,"עמלת חליפין כנגד ח-ן מט""י",-128.08,"52,877.5",1200/94   ,,סניף
12/9/2025,12/9/2025,הע. ליואל גורן בסניף 20-576,"-1,180","51,697.5",1201/99719,ערוץ ישיר,אינטרנט
12/9/2025,12/9/2025,הע. למירב ישראלי בסניף 31-024,-293.07,"51,404.43",1202/99719,ערוץ ישיר,אינטרנט
12/9/2025,12/9/2025,גרואו פיימ,"27,110.24","78,514.67",1203      ,ערוץ ישיר,יזום מחשב
12/10/2025,12/10/2025,הע. לק אקספרס בסניף 20-552,"-25,000","53,514.67",1204/99719,ערוץ ישיר,אינטרנט
12/10/2025,12/10/2025,ישראכרט,971.04,"54,485.71",1205      ,ערוץ ישיר,יזום מחשב
12/10/2025,12/10/2025,ישראכרט ב,"1,386.18","55,871.89",1206      ,ערוץ ישיר,יזום מחשב
12/11/2025,12/11/2025,ישראכרט,704.11,"56,576",1207      ,ערוץ ישיר,יזום מחשב
12/11/2025,12/11/2025,ישראכרט ב,303.63,"56,879.63",1208      ,ערוץ ישיר,יזום מחשב
12/12/2025,12/12/2025,ישראכרט,293.78,"57,173.41",1209      ,ערוץ ישיר,יזום מחשב
12/12/2025,12/12/2025,ישראכרט ב,727.55,"57,900.96",1210      ,ערוץ ישיר,יזום מחשב
12/14/2025,12/14/2025,ישראכרט,470.25,"58,371.21",1211      ,ערוץ ישיר,יזום מחשב
12/14/2025,12/14/2025,ישראכרט ב,772.89,"59,144.1",1212      ,ערוץ ישיר,יזום מחשב
12/15/2025,12/15/2025,חיוב לכרטיס ויזה 4150,"-32,568.38","26,575.72",1213      ,ערוץ ישיר,סניף
12/15/2025,12/15/2025,חיוב לכרטיס ויזה 4176,"-1,867.83","24,707.89",1214      ,ערוץ ישיר,סניף
12/15/2025,12/15/2025,חיוב לכרטיס ויזה 9710,-19.8,"24,688.09",1215      ,ערוץ ישיר,סניף
12/15/2025,12/15/2025,ישראכרט,"1,166.24","25,854.33",1216      ,ערוץ ישיר,יזום מחשב
12/16/2025,12/16/2025,"העברה לד.א. ונוס השקעות בע""מ","-30,923.3","-5,068.97",1217/29   ,,סניף
12/16/2025,12/16/2025,"עמלת חליפין כנגד ח-ן מט""י",-35.04,"-5,104.01",1218/29   ,,סניף
12/16/2025,12/16/2025,העברה מסיטיבנק אירופה חשבון 22-001-0000-300313019 /BNK/1046962357885 PAY,"22,000","16,895.99",1219      ,ערוץ ישיר,יזום מחשב
12/17/2025,12/17/2025,ישראכרט,509.67,"17,405.66",1220      ,ערוץ ישיר,יזום מחשב
12/17/2025,12/17/2025,ישראכרט ב,"1,287.82","18,693.48",1221      ,ערוץ ישיר,יזום מחשב
12/18/2025,12/18/2025,הע. למארק מירונוב בסניף 12-613,"-1,800","16,893.48",1222/99719,ערוץ ישיר,אינטרנט
12/18/2025,12/18/2025,ישראכרט ב,372.74,"17,266.22",1223      ,ערוץ ישיר,יזום מחשב
12/19/2025,12/19/2025,ישראכרט,509.67,"17,775.89",1224      ,ערוץ ישיר,יזום מחשב
12/19/2025,12/19/2025,ישראכרט ב,245.47,"18,021.36",1225      ,ערוץ ישיר,יזום מחשב
12/21/2025,12/21/2025,"הפקדה לפיקדון הו""ק ל-5 שנים","-1,000","17,021.36",1226      ,,יזום מחשב
12/21/2025,12/21/2025,ישראכרט,"1,417.64","18,439",1227      ,ערוץ ישיר,יזום מחשב
12/21/2025,12/21/2025,ישראכרט ב,608.26,"19,047.26",1228      ,ערוץ ישיר,יזום מחשב
12/22/2025,12/22/2025,ישראכרט,205.05,"19,252.31",1229      ,ערוץ ישיר,יזום מחשב
12/22/2025,12/22/2025,ישראכרט ב,351.95,"19,604.26",1230      ,ערוץ ישיר,יזום מחשב
12/24/2025,12/24/2025,ישראכרט,420.95,"20,025.21",1231      ,ערוץ ישיר,יזום מחשב
12/24/2025,12/24/2025,ישראכרט ב,420.95,"20,446.16",1232      ,ערוץ ישיר,יזום מחשב
12/25/2025,12/25/2025,ישראכרט ב,460.39,"20,906.55",1233      ,ערוץ ישיר,יזום מחשב
12/28/2025,12/28/2025,ישראכרט,666.42,"21,572.97",1234      ,ערוץ ישיר,יזום מחשב
12/28/2025,12/28/2025,ישראכרט ב,393.35,"21,966.32",1235      ,ערוץ ישיר,יזום מחשב
12/29/2025,12/29/2025,ישראכרט,39.43,"22,005.75",1236      ,ערוץ ישיר,יזום מחשב
12/29/2025,12/29/2025,ישראכרט ב,175.47,"22,181.22",1237      ,ערוץ ישיר,יזום מחשב
12/31/2025,12/31/2025,תשלום ריבית על משיכת יתר- מינוס,-2.54,"22,178.68",1238      ,,יזום מחשב
12/31/2025,12/31/2025,"עמלת הקצאת אשראי מט""י-עסקי",-246.58,"21,932.1",1239      ,,סניף
12/31/2025,12/31/2025,ישראכרט,509.67,"22,441.77",1240      ,ערוץ ישיר,יזום מחשב
1/1/2026,1/1/2026,הע. ליואל גורן בסניף 20-576,"-1,180","21,261.77",1241/99719,ערוץ ישיר,אינטרנט
1/1/2026,1/1/2026,הע. לילאי שערבני בסניף 10-940,"-2,900","18,361.77",1242/99719,ערוץ ישיר,אינטרנט
1/1/2026,1/1/2026,הע. לאביב בן סימון בסניף 10-998,"-1,420.06","16,941.71",1243/99719,ערוץ ישיר,אינטרנט
1/1/2026,1/1/2026,הע. לק אקספרס בסניף 20-552,"-3,103","13,838.71",1244/99719,ערוץ ישיר,אינטרנט
1/1/2026,1/1/2026,הע. לישי אזולאי בסניף 11-065,"-2,000","11,838.71",1245/99719,ערוץ ישיר,אינטרנט
1/2/2026,12/31/2025,"עמלת פעולה בערוץ ישיר- מט"", לפי 54 יח'",-108,"11,730.71",1246      ,,סניף
1/2/2026,1/2/2026,העברה מסיטיבנק אירופה חשבון 22-001-0000-300313019 /BNK/1047314508434 PAY,"15,000","26,730.71",1247      ,ערוץ ישיר,יזום מחשב
1/2/2026,1/2/2026,ישראכרט,"53,938.95","80,669.66",1248      ,ערוץ ישיר,יזום מחשב
1/2/2026,1/2/2026,ישראכרט,"1,640.03","82,309.69",1249      ,ערוץ ישיר,יזום מחשב
1/2/2026,1/2/2026,אמריקן אקס,"4,899.32","87,209.01",1250      ,ערוץ ישיר,יזום מחשב
1/2/2026,1/2/2026,ישראכרט ב,"50,647.69","137,856.7",1251      ,ערוץ ישיר,יזום מחשב
1/4/2026,1/4/2026,ישראכרט,598.31,"138,455.01",1252      ,ערוץ ישיר,יזום מחשב
1/4/2026,1/4/2026,ישראכרט,28.07,"138,483.08",1253      ,ערוץ ישיר,יזום מחשב
1/4/2026,1/4/2026,ישראכרט ב,753.17,"139,236.25",1254      ,ערוץ ישיר,יזום מחשב
1/5/2026,1/5/2026,החזרת חיוב ישראכרט מסיבת אין הרשאה,42.84,"139,279.09",1255      ,,יזום מחשב
1/5/2026,1/5/2026,ישראכרט חיוב,-42.84,"139,236.25",1256      ,ערוץ ישיר,יזום מחשב
1/7/2026,1/7/2026,הע. לענת פביאן בסניף 31-064,-500,"138,736.25",1257/99719,ערוץ ישיר,אינטרנט
1/7/2026,1/7/2026,ישראכרט,288.85,"139,025.1",1258      ,ערוץ ישיר,יזום מחשב
1/8/2026,1/8/2026,ישראכרט ב,332.23,"139,357.33",1259      ,ערוץ ישיר,יזום מחשב
1/9/2026,1/9/2026,גרואו פיימ,"26,065.17","165,422.5",1260      ,ערוץ ישיר,יזום מחשב
1/11/2026,1/11/2026,ישראכרט,156.75,"165,579.25",1261      ,ערוץ ישיר,יזום מחשב
1/12/2026,1/12/2026,ישראכרט ב,745.79,"166,325.04",1262      ,ערוץ ישיר,יזום מחשב
1/13/2026,1/13/2026,הע. לק אקספרס בסניף 20-552,"-24,714","141,611.04",1263/99719,ערוץ ישיר,אינטרנט
1/13/2026,1/13/2026,הע. לטליה בן סימון בסניף 11-111,"-1,743.91","139,867.13",1264/99719,ערוץ ישיר,אינטרנט
1/13/2026,1/13/2026,"מע""מ חיוב","-10,864","129,003.13",1265      ,ערוץ ישיר,יזום מחשב
1/14/2026,1/14/2026,הע. ליוראי גד תלמי בסניף 31-021,-64.5,"128,938.63",1266/99719,ערוץ ישיר,אינטרנט
1/15/2026,1/15/2026,חיוב לכרטיס ויזה 4150,"-10,019.19","118,919.44",1267      ,ערוץ ישיר,סניף
1/15/2026,1/15/2026,חיוב לכרטיס ויזה 4176,-19.8,"118,899.64",1268      ,ערוץ ישיר,סניף
1/15/2026,1/15/2026,חיוב לכרטיס ויזה 9710,-19.8,"118,879.84",1269      ,ערוץ ישיר,סניף
1/15/2026,1/15/2026,ישראכרט,421.93,"119,301.77",1270      ,ערוץ ישיר,יזום מחשב
1/18/2026,1/18/2026,ישראכרט,726.56,"120,028.33",1271      ,ערוץ ישיר,יזום מחשב
1/18/2026,1/18/2026,ישראכרט ב,299.69,"120,328.02",1272      ,ערוץ ישיר,יזום מחשב
1/19/2026,1/19/2026,"העברה לד.א. ונוס השקעות בע""מ","-57,161.16","63,166.86",1273/94   ,,סניף
1/19/2026,1/19/2026,"עמלת חליפין כנגד ח-ן מט""י",-64.39,"63,102.47",1274/94   ,,סניף
1/19/2026,1/19/2026,הע. לישליין בסניף 10-707,"-3,558.14","59,544.33",1275/99719,ערוץ ישיר,אינטרנט
1/20/2026,1/20/2026,"הפקדה לפיקדון הו""ק ל-5 שנים","-1,000","58,544.33",1276      ,,יזום מחשב
1/20/2026,1/20/2026,מס הכנסה נ חיוב,-367,"58,177.33",1277      ,ערוץ ישיר,יזום מחשב
1/21/2026,1/21/2026,הע. לויקטור זףאדן בסניף 18-001,"-6,950","51,227.33",1278/99719,ערוץ ישיר,אינטרנט
1/22/2026,1/22/2026,ישראכרט ב,403.21,"51,630.54",1279      ,ערוץ ישיר,יזום מחשב
1/23/2026,1/23/2026,ישראכרט,245.47,"51,876.01",1280      ,ערוץ ישיר,יזום מחשב
1/23/2026,1/23/2026,ישראכרט ב,616.14,"52,492.15",1281      ,ערוץ ישיר,יזום מחשב
1/25/2026,1/25/2026,ישראכרט,393.35,"52,885.5",1282      ,ערוץ ישיר,יזום מחשב
1/25/2026,1/25/2026,ישראכרט ב,588.54,"53,474.04",1283      ,ערוץ ישיר,יזום מחשב
1/25/2026,1/25/2026,ביטוח לאומ חיוב,-237,"53,237.04",1284      ,ערוץ ישיר,יזום מחשב
1/26/2026,1/26/2026,"העברה לד.א. ונוס השקעות בע""מ","-15,762.54","37,474.5",1285/99719,,אינטרנט
1/26/2026,1/26/2026,"עמלת חליפין כנגד ח-ן מט""י",-19.75,"37,454.75",1286/99719,,אינטרנט
1/26/2026,1/26/2026,ישראכרט ב,177.5,"37,632.25",1287      ,ערוץ ישיר,יזום מחשב
1/27/2026,1/27/2026,עמלת העברת מטח 728063327559,-83.21,"37,549.04",1288      ,,יזום מחשב
1/28/2026,1/28/2026,ישראכרט,260.26,"37,809.3",1289      ,ערוץ ישיר,יזום מחשב
1/29/2026,1/29/2026,ישראכרט,421.93,"38,231.23",1290      ,ערוץ ישיר,יזום מחשב
1/29/2026,1/29/2026,ישראכרט ב,333.12,"38,564.35",1291      ,ערוץ ישיר,יזום מחשב
תנועות עתידיות,,,,,,,
N/A,,,,,,,
תאריך,יום ערך,תיאור התנועה,₪ זכות/חובה ב ,₪ יתרה משוערת ,הערות,,
1/20/2026,2/15/2026,חיוב לכרטיס ויזה 9710,-19.8,"38,486.05",,,
1/20/2026,2/15/2026,חיוב לכרטיס ויזה 4176,-19.8,,,,
1/20/2026,2/15/2026,חיוב לכרטיס ויזה 4150,-38.7,,,,